time,open,high,low,close,volume
2024-01-01 00:00:00,59507.46959870453,59707.46959870453,59307.46959870453,59557.46959870453,1303
2024-01-01 00:01:00,119076.10776009085,119276.10776009085,118876.10776009085,119126.10776009085,1430
2024-01-01 00:02:00,179233.0336782381,179433.0336782381,179033.0336782381,179283.0336782381,1382
2024-01-01 00:03:00,238919.69905475387,239119.69905475387,238719.69905475387,238969.69905475387,979
2024-01-01 00:04:00,298584.62372281274,298784.62372281274,298384.62372281274,298634.62372281274,635
2024-01-01 00:05:00,357686.199333874,357886.199333874,357486.199333874,357736.199333874,977
2024-01-01 00:06:00,418273.94755589915,418473.94755589915,418073.94755589915,418323.94755589915,509
2024-01-01 00:07:00,477949.4903187216,478149.4903187216,477749.4903187216,477999.4903187216,736
2024-01-01 00:08:00,538778.3155413803,538978.3155413803,538578.3155413803,538828.3155413803,909
2024-01-01 00:09:00,599376.8681232474,599576.8681232474,599176.8681232474,599426.8681232474,1108
2024-01-01 00:10:00,660085.6266596605,660285.6266596605,659885.6266596605,660135.6266596605,714
2024-01-01 00:11:00,719773.4153631739,719973.4153631739,719573.4153631739,719823.4153631739,652
2024-01-01 00:12:00,779820.6875945693,780020.6875945693,779620.6875945693,779870.6875945693,766
2024-01-01 00:13:00,840002.1476247765,840202.1476247765,839802.1476247765,840052.1476247765,1410
2024-01-01 00:14:00,899250.5983627626,899450.5983627626,899050.5983627626,899300.5983627626,825
2024-01-01 00:15:00,959271.2565905978,959471.2565905978,959071.2565905978,959321.2565905978,1011
2024-01-01 00:16:00,1019528.9421354611,1019728.9421354611,1019328.9421354611,1019578.9421354611,1079
2024-01-01 00:17:00,1079744.5780574677,1079944.5780574677,1079544.5780574677,1079794.5780574677,1327
2024-01-01 00:18:00,1140665.0339010577,1140865.0339010577,1140465.0339010577,1140715.0339010577,1019
2024-01-01 00:19:00,1200529.7490439368,1200729.7490439368,1200329.7490439368,1200579.7490439368,1057
2024-01-01 00:20:00,1260458.868265421,1260658.868265421,1260258.868265421,1260508.868265421,1101
2024-01-01 00:21:00,1320936.3026842342,1321136.3026842342,1320736.3026842342,1320986.3026842342,695
2024-01-01 00:22:00,1380058.8090368195,1380258.8090368195,1379858.8090368195,1380108.8090368195,893
2024-01-01 00:23:00,1438888.2771419834,1439088.2771419834,1438688.2771419834,1438938.2771419834,1178
2024-01-01 00:24:00,1498514.6035973658,1498714.6035973658,1498314.6035973658,1498564.6035973658,913
2024-01-01 00:25:00,1558611.776031262,1558811.776031262,1558411.776031262,1558661.776031262,1257
2024-01-01 00:26:00,1618474.8601956104,1618674.8601956104,1618274.8601956104,1618524.8601956104,1169
2024-01-01 00:27:00,1678392.0542343843,1678592.0542343843,1678192.0542343843,1678442.0542343843,1366
2024-01-01 00:28:00,1738556.7511322107,1738756.7511322107,1738356.7511322107,1738606.7511322107,980
2024-01-01 00:29:00,1798378.3678743218,1798578.3678743218,1798178.3678743218,1798428.3678743218,922
2024-01-01 00:30:00,1858139.346698901,1858339.346698901,1857939.346698901,1858189.346698901,652
2024-01-01 00:31:00,1917339.3404650865,1917539.3404650865,1917139.3404650865,1917389.3404650865,992
2024-01-01 00:32:00,1977059.3632941435,1977259.3632941435,1976859.3632941435,1977109.3632941435,873
2024-01-01 00:33:00,2037383.200626074,2037583.200626074,2037183.200626074,2037433.200626074,701
2024-01-01 00:34:00,2097937.0304509937,2098137.0304509937,2097737.0304509937,2097987.0304509937,592
2024-01-01 00:35:00,2157222.7781276596,2157422.7781276596,2157022.7781276596,2157272.7781276596,877
2024-01-01 00:36:00,2217767.3462159866,2217967.3462159866,2217567.3462159866,2217817.3462159866,1213
2024-01-01 00:37:00,2277433.5316452812,2277633.5316452812,2277233.5316452812,2277483.5316452812,936
2024-01-01 00:38:00,2337322.8257893445,2337522.8257893445,2337122.8257893445,2337372.8257893445,748
2024-01-01 00:39:00,2396947.418136672,2397147.418136672,2396747.418136672,2396997.418136672,1485
2024-01-01 00:40:00,2457136.0346302097,2457336.0346302097,2456936.0346302097,2457186.0346302097,698
2024-01-01 00:41:00,2516971.1765483143,2517171.1765483143,2516771.1765483143,2517021.1765483143,1193
2024-01-01 00:42:00,2576695.912372651,2576895.912372651,2576495.912372651,2576745.912372651,698
2024-01-01 00:43:00,2636437.7274898975,2636637.7274898975,2636237.7274898975,2636487.7274898975,552
2024-01-01 00:44:00,2695937.51439278,2696137.51439278,2695737.51439278,2695987.51439278,931
2024-01-01 00:45:00,2755378.625904934,2755578.625904934,2755178.625904934,2755428.625904934,843
2024-01-01 00:46:00,2814981.101652429,2815181.101652429,2814781.101652429,2815031.101652429,724
2024-01-01 00:47:00,2875593.1412869366,2875793.1412869366,2875393.1412869366,2875643.1412869366,1047
2024-01-01 00:48:00,2935338.9222556315,2935538.9222556315,2935138.9222556315,2935388.9222556315,537
2024-01-01 00:49:00,2995670.40059257,2995870.40059257,2995470.40059257,2995720.40059257,1257
2024-01-01 00:50:00,3055206.934235349,3055406.934235349,3055006.934235349,3055256.934235349,701
2024-01-01 00:51:00,3115535.8045719,3115735.8045719,3115335.8045719,3115585.8045719,1109
2024-01-01 00:52:00,3175647.8257602192,3175847.8257602192,3175447.8257602192,3175697.8257602192,537
2024-01-01 00:53:00,3235281.7638630355,3235481.7638630355,3235081.7638630355,3235331.7638630355,1271
2024-01-01 00:54:00,3294676.317182568,3294876.317182568,3294476.317182568,3294726.317182568,776
2024-01-01 00:55:00,3355116.149419765,3355316.149419765,3354916.149419765,3355166.149419765,807
2024-01-01 00:56:00,3414940.5316440626,3415140.5316440626,3414740.5316440626,3414990.5316440626,1319
2024-01-01 00:57:00,3474771.7138087554,3474971.7138087554,3474571.7138087554,3474821.7138087554,1422
2024-01-01 00:58:00,3534577.1745411865,3534777.1745411865,3534377.1745411865,3534627.1745411865,1433
2024-01-01 00:59:00,3594584.100163814,3594784.100163814,3594384.100163814,3594634.100163814,1104
2024-01-01 01:00:00,3654134.2411155333,3654334.2411155333,3653934.2411155333,3654184.2411155333,910
2024-01-01 01:01:00,3713154.911923542,3713354.911923542,3712954.911923542,3713204.911923542,610
2024-01-01 01:02:00,3772838.0133304815,3773038.0133304815,3772638.0133304815,3772888.0133304815,1075
2024-01-01 01:03:00,3832365.470035116,3832565.470035116,3832165.470035116,3832415.470035116,1289
2024-01-01 01:04:00,3892115.434243356,3892315.434243356,3891915.434243356,3892165.434243356,1331
2024-01-01 01:05:00,3951620.8934079083,3951820.8934079083,3951420.8934079083,3951670.8934079083,978
2024-01-01 01:06:00,4011768.2269089064,4011968.2269089064,4011568.2269089064,4011818.2269089064,803
2024-01-01 01:07:00,4071230.8575408924,4071430.8575408924,4071030.8575408924,4071280.8575408924,513
2024-01-01 01:08:00,4130920.846779297,4131120.846779297,4130720.846779297,4130970.846779297,707
2024-01-01 01:09:00,4192029.9299441697,4192229.9299441697,4191829.9299441697,4192079.9299441697,1234
2024-01-01 01:10:00,4251803.217211854,4252003.217211854,4251603.217211854,4251853.217211854,1255
2024-01-01 01:11:00,4312370.332938433,4312570.332938433,4312170.332938433,4312420.332938433,530
2024-01-01 01:12:00,4371758.1047207005,4371958.1047207005,4371558.1047207005,4371808.1047207005,606
2024-01-01 01:13:00,4431763.982315247,4431963.982315247,4431563.982315247,4431813.982315247,1495
2024-01-01 01:14:00,4492304.951336771,4492504.951336771,4492104.951336771,4492354.951336771,1441
2024-01-01 01:15:00,4551578.757022237,4551778.757022237,4551378.757022237,4551628.757022237,600
2024-01-01 01:16:00,4611436.44830863,4611636.44830863,4611236.44830863,4611486.44830863,1049
2024-01-01 01:17:00,4670886.6617230335,4671086.6617230335,4670686.6617230335,4670936.6617230335,1492
2024-01-01 01:18:00,4730428.557180345,4730628.557180345,4730228.557180345,4730478.557180345,1317
2024-01-01 01:19:00,4790331.203345514,4790531.203345514,4790131.203345514,4790381.203345514,1361
2024-01-01 01:20:00,4849558.517196287,4849758.517196287,4849358.517196287,4849608.517196287,1249
2024-01-01 01:21:00,4909368.702400255,4909568.702400255,4909168.702400255,4909418.702400255,1491
2024-01-01 01:22:00,4969467.074223518,4969667.074223518,4969267.074223518,4969517.074223518,643
2024-01-01 01:23:00,5028991.277324087,5029191.277324087,5028791.277324087,5029041.277324087,686
2024-01-01 01:24:00,5088591.848384003,5088791.848384003,5088391.848384003,5088641.848384003,876
2024-01-01 01:25:00,5148436.980255083,5148636.980255083,5148236.980255083,5148486.980255083,634
2024-01-01 01:26:00,5208615.563176424,5208815.563176424,5208415.563176424,5208665.563176424,551
2024-01-01 01:27:00,5268961.257295592,5269161.257295592,5268761.257295592,5269011.257295592,817
2024-01-01 01:28:00,5328914.137378975,5329114.137378975,5328714.137378975,5328964.137378975,1401
2024-01-01 01:29:00,5388727.510380067,5388927.510380067,5388527.510380067,5388777.510380067,656
2024-01-01 01:30:00,5449396.970351002,5449596.970351002,5449196.970351002,5449446.970351002,1372
2024-01-01 01:31:00,5509338.8402023,5509538.8402023,5509138.8402023,5509388.8402023,1140
2024-01-01 01:32:00,5568664.596155417,5568864.596155417,5568464.596155417,5568714.596155417,1391
2024-01-01 01:33:00,5629383.876096729,5629583.876096729,5629183.876096729,5629433.876096729,562
2024-01-01 01:34:00,5689604.951800605,5689804.951800605,5689404.951800605,5689654.951800605,516
2024-01-01 01:35:00,5749466.774100656,5749666.774100656,5749266.774100656,5749516.774100656,976
2024-01-01 01:36:00,5810031.439686028,5810231.439686028,5809831.439686028,5810081.439686028,1148
2024-01-01 01:37:00,5870727.308851022,5870927.308851022,5870527.308851022,5870777.308851022,955
2024-01-01 01:38:00,5930610.977017546,5930810.977017546,5930410.977017546,5930660.977017546,1335
2024-01-01 01:39:00,5990652.826861915,5990852.826861915,5990452.826861915,5990702.826861915,1270
2024-01-01 01:40:00,6051258.14463409,6051458.14463409,6051058.14463409,6051308.14463409,1468
2024-01-01 01:41:00,6110720.570657425,6110920.570657425,6110520.570657425,6110770.570657425,750
2024-01-01 01:42:00,6170779.617960678,6170979.617960678,6170579.617960678,6170829.617960678,1436
2024-01-01 01:43:00,6230637.466072602,6230837.466072602,6230437.466072602,6230687.466072602,666
2024-01-01 01:44:00,6290520.325292476,6290720.325292476,6290320.325292476,6290570.325292476,1206
2024-01-01 01:45:00,6350609.827134289,6350809.827134289,6350409.827134289,6350659.827134289,1243
2024-01-01 01:46:00,6410269.782277026,6410469.782277026,6410069.782277026,6410319.782277026,670
2024-01-01 01:47:00,6469789.765558943,6469989.765558943,6469589.765558943,6469839.765558943,1477
2024-01-01 01:48:00,6529014.3376238365,6529214.3376238365,6528814.3376238365,6529064.3376238365,788
2024-01-01 01:49:00,6588686.101307404,6588886.101307404,6588486.101307404,6588736.101307404,728
2024-01-01 01:50:00,6648183.809663176,6648383.809663176,6647983.809663176,6648233.809663176,1116
2024-01-01 01:51:00,6708467.837096246,6708667.837096246,6708267.837096246,6708517.837096246,1471
2024-01-01 01:52:00,6768799.273940243,6768999.273940243,6768599.273940243,6768849.273940243,1392
2024-01-01 01:53:00,6828708.494407482,6828908.494407482,6828508.494407482,6828758.494407482,1470
2024-01-01 01:54:00,6888935.8848382,6889135.8848382,6888735.8848382,6888985.8848382,758
2024-01-01 01:55:00,6948832.167361782,6949032.167361782,6948632.167361782,6948882.167361782,582
2024-01-01 01:56:00,7008887.3284366885,7009087.3284366885,7008687.3284366885,7008937.3284366885,516
2024-01-01 01:57:00,7070187.199367527,7070387.199367527,7069987.199367527,7070237.199367527,1091
2024-01-01 01:58:00,7130855.601506705,7131055.601506705,7130655.601506705,7130905.601506705,1353
2024-01-01 01:59:00,7191252.609906488,7191452.609906488,7191052.609906488,7191302.609906488,953
2024-01-01 02:00:00,7251710.797100614,7251910.797100614,7251510.797100614,7251760.797100614,1169
2024-01-01 02:01:00,7312263.496927082,7312463.496927082,7312063.496927082,7312313.496927082,790
2024-01-01 02:02:00,7372488.008536038,7372688.008536038,7372288.008536038,7372538.008536038,1369
2024-01-01 02:03:00,7433241.049369277,7433441.049369277,7433041.049369277,7433291.049369277,1172
2024-01-01 02:04:00,7493196.567244474,7493396.567244474,7492996.567244474,7493246.567244474,1215
2024-01-01 02:05:00,7552528.330041202,7552728.330041202,7552328.330041202,7552578.330041202,673
2024-01-01 02:06:00,7612439.377814678,7612639.377814678,7612239.377814678,7612489.377814678,1346
2024-01-01 02:07:00,7672300.260150991,7672500.260150991,7672100.260150991,7672350.260150991,1058
2024-01-01 02:08:00,7732762.791905135,7732962.791905135,7732562.791905135,7732812.791905135,1336
2024-01-01 02:09:00,7792677.764164925,7792877.764164925,7792477.764164925,7792727.764164925,650
2024-01-01 02:10:00,7852250.445716717,7852450.445716717,7852050.445716717,7852300.445716717,902
2024-01-01 02:11:00,7912971.829597993,7913171.829597993,7912771.829597993,7913021.829597993,1075
2024-01-01 02:12:00,7972268.357268771,7972468.357268771,7972068.357268771,7972318.357268771,1406
2024-01-01 02:13:00,8033160.264355668,8033360.264355668,8032960.264355668,8033210.264355668,909
2024-01-01 02:14:00,8092691.452674302,8092891.452674302,8092491.452674302,8092741.452674302,683
2024-01-01 02:15:00,8153695.534676095,8153895.534676095,8153495.534676095,8153745.534676095,1142
2024-01-01 02:16:00,8214571.994284222,8214771.994284222,8214371.994284222,8214621.994284222,990
2024-01-01 02:17:00,8274842.182162402,8275042.182162402,8274642.182162402,8274892.182162402,1372
2024-01-01 02:18:00,8335446.81293999,8335646.81293999,8335246.81293999,8335496.81293999,961
2024-01-01 02:19:00,8395687.07690555,8395887.07690555,8395487.07690555,8395737.07690555,851
2024-01-01 02:20:00,8456115.11938799,8456315.11938799,8455915.11938799,8456165.11938799,1262
2024-01-01 02:21:00,8516323.178482004,8516523.178482004,8516123.178482004,8516373.178482004,1499
2024-01-01 02:22:00,8576365.935407093,8576565.935407093,8576165.935407093,8576415.935407093,653
2024-01-01 02:23:00,8636299.212309217,8636499.212309217,8636099.212309217,8636349.212309217,1419
2024-01-01 02:24:00,8695790.212622806,8695990.212622806,8695590.212622806,8695840.212622806,1039
2024-01-01 02:25:00,8756135.913845947,8756335.913845947,8755935.913845947,8756185.913845947,653
2024-01-01 02:26:00,8816353.197085584,8816553.197085584,8816153.197085584,8816403.197085584,1112
2024-01-01 02:27:00,8876333.847336708,8876533.847336708,8876133.847336708,8876383.847336708,1097
2024-01-01 02:28:00,8937682.343053747,8937882.343053747,8937482.343053747,8937732.343053747,578
2024-01-01 02:29:00,8998373.012891978,8998573.012891978,8998173.012891978,8998423.012891978,547
2024-01-01 02:30:00,9057707.057976507,9057907.057976507,9057507.057976507,9057757.057976507,976
2024-01-01 02:31:00,9117915.607850859,9118115.607850859,9117715.607850859,9117965.607850859,529
2024-01-01 02:32:00,9177793.511337403,9177993.511337403,9177593.511337403,9177843.511337403,925
2024-01-01 02:33:00,9236957.151468523,9237157.151468523,9236757.151468523,9237007.151468523,1027
2024-01-01 02:34:00,9295618.483427852,9295818.483427852,9295418.483427852,9295668.483427852,1359
2024-01-01 02:35:00,9355664.299118368,9355864.299118368,9355464.299118368,9355714.299118368,700
2024-01-01 02:36:00,9415248.602504583,9415448.602504583,9415048.602504583,9415298.602504583,1094
2024-01-01 02:37:00,9476019.907068469,9476219.907068469,9475819.907068469,9476069.907068469,727
2024-01-01 02:38:00,9536340.59868402,9536540.59868402,9536140.59868402,9536390.59868402,946
2024-01-01 02:39:00,9597708.480705986,9597908.480705986,9597508.480705986,9597758.480705986,1352
2024-01-01 02:40:00,9657151.723663686,9657351.723663686,9656951.723663686,9657201.723663686,735
2024-01-01 02:41:00,9717321.459302304,9717521.459302304,9717121.459302304,9717371.459302304,565
2024-01-01 02:42:00,9776261.614032166,9776461.614032166,9776061.614032166,9776311.614032166,777
2024-01-01 02:43:00,9835688.94411438,9835888.94411438,9835488.94411438,9835738.94411438,1260
2024-01-01 02:44:00,9895036.21985422,9895236.21985422,9894836.21985422,9895086.21985422,1051
2024-01-01 02:45:00,9954384.312574776,9954584.312574776,9954184.312574776,9954434.312574776,575
2024-01-01 02:46:00,10014149.737555124,10014349.737555124,10013949.737555124,10014199.737555124,1368
2024-01-01 02:47:00,10073722.286448613,10073922.286448613,10073522.286448613,10073772.286448613,1370
2024-01-01 02:48:00,10132247.132138401,10132447.132138401,10132047.132138401,10132297.132138401,1158
2024-01-01 02:49:00,10191952.245156353,10192152.245156353,10191752.245156353,10192002.245156353,1068
2024-01-01 02:50:00,10252460.051125914,10252660.051125914,10252260.051125914,10252510.051125914,1334
2024-01-01 02:51:00,10312429.587010449,10312629.587010449,10312229.587010449,10312479.587010449,1407
2024-01-01 02:52:00,10371252.722537827,10371452.722537827,10371052.722537827,10371302.722537827,1298
2024-01-01 02:53:00,10431808.564930027,10432008.564930027,10431608.564930027,10431858.564930027,1480
2024-01-01 02:54:00,10492072.538475528,10492272.538475528,10491872.538475528,10492122.538475528,1318
2024-01-01 02:55:00,10552077.550187208,10552277.550187208,10551877.550187208,10552127.550187208,1348
2024-01-01 02:56:00,10612162.029365698,10612362.029365698,10611962.029365698,10612212.029365698,1234
2024-01-01 02:57:00,10672606.886783663,10672806.886783663,10672406.886783663,10672656.886783663,1197
2024-01-01 02:58:00,10733420.54886833,10733620.54886833,10733220.54886833,10733470.54886833,1288
2024-01-01 02:59:00,10793556.326176526,10793756.326176526,10793356.326176526,10793606.326176526,1054
2024-01-01 03:00:00,10852935.554649882,10853135.554649882,10852735.554649882,10852985.554649882,1442
2024-01-01 03:01:00,10913593.269476604,10913793.269476604,10913393.269476604,10913643.269476604,1409
2024-01-01 03:02:00,10974440.578142354,10974640.578142354,10974240.578142354,10974490.578142354,1054
2024-01-01 03:03:00,11034948.017288184,11035148.017288184,11034748.017288184,11034998.017288184,1220
2024-01-01 03:04:00,11095378.8083275,11095578.8083275,11095178.8083275,11095428.8083275,1203
2024-01-01 03:05:00,11155643.868451675,11155843.868451675,11155443.868451675,11155693.868451675,1003
2024-01-01 03:06:00,11215923.829594651,11216123.829594651,11215723.829594651,11215973.829594651,1010
2024-01-01 03:07:00,11276012.568285055,11276212.568285055,11275812.568285055,11276062.568285055,1409
2024-01-01 03:08:00,11336667.977065591,11336867.977065591,11336467.977065591,11336717.977065591,1171
2024-01-01 03:09:00,11396762.938723255,11396962.938723255,11396562.938723255,11396812.938723255,1067
2024-01-01 03:10:00,11456732.095202973,11456932.095202973,11456532.095202973,11456782.095202973,1349
2024-01-01 03:11:00,11516957.51021329,11517157.51021329,11516757.51021329,11517007.51021329,909
2024-01-01 03:12:00,11576932.815794552,11577132.815794552,11576732.815794552,11576982.815794552,1174
2024-01-01 03:13:00,11636962.583055465,11637162.583055465,11636762.583055465,11637012.583055465,1185
2024-01-01 03:14:00,11697104.515827117,11697304.515827117,11696904.515827117,11697154.515827117,957
2024-01-01 03:15:00,11757564.451781569,11757764.451781569,11757364.451781569,11757614.451781569,982
2024-01-01 03:16:00,11817247.480605422,11817447.480605422,11817047.480605422,11817297.480605422,1249
2024-01-01 03:17:00,11877685.538168978,11877885.538168978,11877485.538168978,11877735.538168978,920
2024-01-01 03:18:00,11938263.846263757,11938463.846263757,11938063.846263757,11938313.846263757,621
2024-01-01 03:19:00,11998547.015287906,11998747.015287906,11998347.015287906,11998597.015287906,685
2024-01-01 03:20:00,12058137.61781122,12058337.61781122,12057937.61781122,12058187.61781122,1097
2024-01-01 03:21:00,12117501.217662213,12117701.217662213,12117301.217662213,12117551.217662213,977
2024-01-01 03:22:00,12178038.574425023,12178238.574425023,12177838.574425023,12178088.574425023,1002
2024-01-01 03:23:00,12237529.335670002,12237729.335670002,12237329.335670002,12237579.335670002,1366
2024-01-01 03:24:00,12297505.286924902,12297705.286924902,12297305.286924902,12297555.286924902,987
2024-01-01 03:25:00,12356771.834011247,12356971.834011247,12356571.834011247,12356821.834011247,1015
2024-01-01 03:26:00,12417302.639738718,12417502.639738718,12417102.639738718,12417352.639738718,819
2024-01-01 03:27:00,12477776.17890676,12477976.17890676,12477576.17890676,12477826.17890676,949
2024-01-01 03:28:00,12538099.685577758,12538299.685577758,12537899.685577758,12538149.685577758,1051
2024-01-01 03:29:00,12597249.277956152,12597449.277956152,12597049.277956152,12597299.277956152,568
2024-01-01 03:30:00,12656976.36570087,12657176.36570087,12656776.36570087,12657026.36570087,1218
2024-01-01 03:31:00,12716688.91070868,12716888.91070868,12716488.91070868,12716738.91070868,643
2024-01-01 03:32:00,12776826.908980606,12777026.908980606,12776626.908980606,12776876.908980606,1074
2024-01-01 03:33:00,12837559.354641289,12837759.354641289,12837359.354641289,12837609.354641289,1281
2024-01-01 03:34:00,12897207.280499917,12897407.280499917,12897007.280499917,12897257.280499917,1479
2024-01-01 03:35:00,12957251.508006904,12957451.508006904,12957051.508006904,12957301.508006904,744
2024-01-01 03:36:00,13018239.983392468,13018439.983392468,13018039.983392468,13018289.983392468,1429
2024-01-01 03:37:00,13078802.227433091,13079002.227433091,13078602.227433091,13078852.227433091,738
2024-01-01 03:38:00,13139478.593830695,13139678.593830695,13139278.593830695,13139528.593830695,1115
2024-01-01 03:39:00,13200113.941335527,13200313.941335527,13199913.941335527,13200163.941335527,1121
2024-01-01 03:40:00,13260084.469259324,13260284.469259324,13259884.469259324,13260134.469259324,1156
2024-01-01 03:41:00,13320079.41120837,13320279.41120837,13319879.41120837,13320129.41120837,678
2024-01-01 03:42:00,13380514.651460757,13380714.651460757,13380314.651460757,13380564.651460757,622
2024-01-01 03:43:00,13440953.16001775,13441153.16001775,13440753.16001775,13441003.16001775,502
2024-01-01 03:44:00,13500734.811463531,13500934.811463531,13500534.811463531,13500784.811463531,1421
2024-01-01 03:45:00,13560109.059606094,13560309.059606094,13559909.059606094,13560159.059606094,1395
2024-01-01 03:46:00,13620677.343944578,13620877.343944578,13620477.343944578,13620727.343944578,940
2024-01-01 03:47:00,13681001.83013999,13681201.83013999,13680801.83013999,13681051.83013999,1106
2024-01-01 03:48:00,13740814.660124496,13741014.660124496,13740614.660124496,13740864.660124496,518
2024-01-01 03:49:00,13800912.540876705,13801112.540876705,13800712.540876705,13800962.540876705,712
2024-01-01 03:50:00,13861484.989870751,13861684.989870751,13861284.989870751,13861534.989870751,1435
2024-01-01 03:51:00,13921262.96641584,13921462.96641584,13921062.96641584,13921312.96641584,578
2024-01-01 03:52:00,13980920.90343222,13981120.90343222,13980720.90343222,13980970.90343222,1386
2024-01-01 03:53:00,14041707.868400881,14041907.868400881,14041507.868400881,14041757.868400881,1388
2024-01-01 03:54:00,14102195.704777543,14102395.704777543,14101995.704777543,14102245.704777543,1379
2024-01-01 03:55:00,14162545.24654573,14162745.24654573,14162345.24654573,14162595.24654573,1313
2024-01-01 03:56:00,14222800.959640443,14223000.959640443,14222600.959640443,14222850.959640443,947
2024-01-01 03:57:00,14282768.783421863,14282968.783421863,14282568.783421863,14282818.783421863,1040
2024-01-01 03:58:00,14342194.40896188,14342394.40896188,14341994.40896188,14342244.40896188,1025
2024-01-01 03:59:00,14401827.504617633,14402027.504617633,14401627.504617633,14401877.504617633,563
2024-01-01 04:00:00,14462147.788138293,14462347.788138293,14461947.788138293,14462197.788138293,628
2024-01-01 04:01:00,14522223.279899457,14522423.279899457,14522023.279899457,14522273.279899457,947
2024-01-01 04:02:00,14581289.743571972,14581489.743571972,14581089.743571972,14581339.743571972,747
2024-01-01 04:03:00,14641754.506398369,14641954.506398369,14641554.506398369,14641804.506398369,1273
2024-01-01 04:04:00,14701329.492417617,14701529.492417617,14701129.492417617,14701379.492417617,1433
2024-01-01 04:05:00,14760455.98222441,14760655.98222441,14760255.98222441,14760505.98222441,1071
2024-01-01 04:06:00,14820307.62989027,14820507.62989027,14820107.62989027,14820357.62989027,888
2024-01-01 04:07:00,14880524.122147743,14880724.122147743,14880324.122147743,14880574.122147743,665
2024-01-01 04:08:00,14940452.760360476,14940652.760360476,14940252.760360476,14940502.760360476,1393
2024-01-01 04:09:00,15000111.765781935,15000311.765781935,14999911.765781935,15000161.765781935,990
2024-01-01 04:10:00,15059553.778125115,15059753.778125115,15059353.778125115,15059603.778125115,1311
2024-01-01 04:11:00,15120165.247627195,15120365.247627195,15119965.247627195,15120215.247627195,851
2024-01-01 04:12:00,15180270.23666149,15180470.23666149,15180070.23666149,15180320.23666149,727
2024-01-01 04:13:00,15240198.789960576,15240398.789960576,15239998.789960576,15240248.789960576,543
2024-01-01 04:14:00,15299996.28000776,15300196.28000776,15299796.28000776,15300046.28000776,919
2024-01-01 04:15:00,15360398.911191305,15360598.911191305,15360198.911191305,15360448.911191305,1498
2024-01-01 04:16:00,15419864.407790586,15420064.407790586,15419664.407790586,15419914.407790586,685
2024-01-01 04:17:00,15480412.09406079,15480612.09406079,15480212.09406079,15480462.09406079,1343
2024-01-01 04:18:00,15539675.441940645,15539875.441940645,15539475.441940645,15539725.441940645,500
2024-01-01 04:19:00,15599754.980309745,15599954.980309745,15599554.980309745,15599804.980309745,820
2024-01-01 04:20:00,15659296.253600137,15659496.253600137,15659096.253600137,15659346.253600137,693
2024-01-01 04:21:00,15719615.81394167,15719815.81394167,15719415.81394167,15719665.81394167,842
2024-01-01 04:22:00,15779763.617788728,15779963.617788728,15779563.617788728,15779813.617788728,673
2024-01-01 04:23:00,15839905.301011506,15840105.301011506,15839705.301011506,15839955.301011506,1076
2024-01-01 04:24:00,15899587.127551736,15899787.127551736,15899387.127551736,15899637.127551736,1157
2024-01-01 04:25:00,15959730.014369499,15959930.014369499,15959530.014369499,15959780.014369499,1344
2024-01-01 04:26:00,16019664.490272189,16019864.490272189,16019464.490272189,16019714.490272189,1276
2024-01-01 04:27:00,16080950.284519214,16081150.284519214,16080750.284519214,16081000.284519214,1417
2024-01-01 04:28:00,16141530.589648413,16141730.589648413,16141330.589648413,16141580.589648413,1086
2024-01-01 04:29:00,16201920.144647703,16202120.144647703,16201720.144647703,16201970.144647703,591
2024-01-01 04:30:00,16262007.591094585,16262207.591094585,16261807.591094585,16262057.591094585,1456
2024-01-01 04:31:00,16322323.289302899,16322523.289302899,16322123.289302899,16322373.289302899,1008
2024-01-01 04:32:00,16381760.099625826,16381960.099625826,16381560.099625826,16381810.099625826,872
2024-01-01 04:33:00,16440591.765225511,16440791.765225511,16440391.765225511,16440641.765225511,1363
2024-01-01 04:34:00,16500900.331171693,16501100.331171693,16500700.331171693,16500950.331171693,1299
2024-01-01 04:35:00,16561270.707521884,16561470.707521884,16561070.707521884,16561320.707521884,1357
2024-01-01 04:36:00,16620960.40635768,16621160.40635768,16620760.40635768,16621010.40635768,824
2024-01-01 04:37:00,16680812.99465905,16681012.99465905,16680612.99465905,16680862.99465905,1489
2024-01-01 04:38:00,16740551.78212166,16740751.78212166,16740351.78212166,16740601.78212166,627
2024-01-01 04:39:00,16800727.069271337,16800927.069271337,16800527.069271337,16800777.069271337,1305
2024-01-01 04:40:00,16861371.09024195,16861571.09024195,16861171.09024195,16861421.09024195,541
2024-01-01 04:41:00,16921032.93282999,16921232.93282999,16920832.93282999,16921082.93282999,817
2024-01-01 04:42:00,16980462.37744986,16980662.37744986,16980262.37744986,16980512.37744986,561
2024-01-01 04:43:00,17039646.510360956,17039846.510360956,17039446.510360956,17039696.510360956,1460
2024-01-01 04:44:00,17099975.266347304,17100175.266347304,17099775.266347304,17100025.266347304,650
2024-01-01 04:45:00,17160426.2840134,17160626.2840134,17160226.2840134,17160476.2840134,1375
2024-01-01 04:46:00,17220420.8504246,17220620.8504246,17220220.8504246,17220470.8504246,533
2024-01-01 04:47:00,17281197.692481946,17281397.692481946,17280997.692481946,17281247.692481946,1389
2024-01-01 04:48:00,17341357.94706804,17341557.94706804,17341157.94706804,17341407.94706804,1458
2024-01-01 04:49:00,17402012.067258842,17402212.067258842,17401812.067258842,17402062.067258842,929
2024-01-01 04:50:00,17461960.967865225,17462160.967865225,17461760.967865225,17462010.967865225,1341
2024-01-01 04:51:00,17522667.334912725,17522867.334912725,17522467.334912725,17522717.334912725,647
2024-01-01 04:52:00,17583306.35312341,17583506.35312341,17583106.35312341,17583356.35312341,1200
2024-01-01 04:53:00,17642947.512744423,17643147.512744423,17642747.512744423,17642997.512744423,1184
2024-01-01 04:54:00,17702251.19040098,17702451.19040098,17702051.19040098,17702301.19040098,1312
2024-01-01 04:55:00,17761824.577137846,17762024.577137846,17761624.577137846,17761874.577137846,632
2024-01-01 04:56:00,17822132.908772103,17822332.908772103,17821932.908772103,17822182.908772103,640
2024-01-01 04:57:00,17881279.0956816,17881479.0956816,17881079.0956816,17881329.0956816,637
2024-01-01 04:58:00,17940788.274787504,17940988.274787504,17940588.274787504,17940838.274787504,1417
2024-01-01 04:59:00,18000404.91485445,18000604.91485445,18000204.91485445,18000454.91485445,532
2024-01-01 05:00:00,18060632.071367055,18060832.071367055,18060432.071367055,18060682.071367055,1234
2024-01-01 05:01:00,18120715.006704055,18120915.006704055,18120515.006704055,18120765.006704055,1334
2024-01-01 05:02:00,18180624.11221835,18180824.11221835,18180424.11221835,18180674.11221835,793
2024-01-01 05:03:00,18240585.43151096,18240785.43151096,18240385.43151096,18240635.43151096,965
2024-01-01 05:04:00,18300618.855943307,18300818.855943307,18300418.855943307,18300668.855943307,584
2024-01-01 05:05:00,18360297.22472805,18360497.22472805,18360097.22472805,18360347.22472805,676
2024-01-01 05:06:00,18420395.85730135,18420595.85730135,18420195.85730135,18420445.85730135,1024
2024-01-01 05:07:00,18480331.219672855,18480531.219672855,18480131.219672855,18480381.219672855,593
2024-01-01 05:08:00,18540801.60438636,18541001.60438636,18540601.60438636,18540851.60438636,1148
2024-01-01 05:09:00,18601296.44282855,18601496.44282855,18601096.44282855,18601346.44282855,1194
2024-01-01 05:10:00,18661524.457246777,18661724.457246777,18661324.457246777,18661574.457246777,796
2024-01-01 05:11:00,18721355.28420686,18721555.28420686,18721155.28420686,18721405.28420686,1081
2024-01-01 05:12:00,18780616.492567725,18780816.492567725,18780416.492567725,18780666.492567725,1381
2024-01-01 05:13:00,18840288.394066382,18840488.394066382,18840088.394066382,18840338.394066382,797
2024-01-01 05:14:00,18899776.742552012,18899976.742552012,18899576.742552012,18899826.742552012,798
2024-01-01 05:15:00,18960254.47247853,18960454.47247853,18960054.47247853,18960304.47247853,1224
2024-01-01 05:16:00,19021070.371689577,19021270.371689577,19020870.371689577,19021120.371689577,942
2024-01-01 05:17:00,19080544.01889949,19080744.01889949,19080344.01889949,19080594.01889949,553
2024-01-01 05:18:00,19139880.68280053,19140080.68280053,19139680.68280053,19139930.68280053,1152
2024-01-01 05:19:00,19199378.864322197,19199578.864322197,19199178.864322197,19199428.864322197,1379
2024-01-01 05:20:00,19259394.56879836,19259594.56879836,19259194.56879836,19259444.56879836,1414
2024-01-01 05:21:00,19318758.6269254,19318958.6269254,19318558.6269254,19318808.6269254,1433
2024-01-01 05:22:00,19378671.76755121,19378871.76755121,19378471.76755121,19378721.76755121,1323
2024-01-01 05:23:00,19438387.60380512,19438587.60380512,19438187.60380512,19438437.60380512,1158
2024-01-01 05:24:00,19498362.64721549,19498562.64721549,19498162.64721549,19498412.64721549,1391
2024-01-01 05:25:00,19558524.32887477,19558724.32887477,19558324.32887477,19558574.32887477,1046
2024-01-01 05:26:00,19618726.458900593,19618926.458900593,19618526.458900593,19618776.458900593,1037
2024-01-01 05:27:00,19679272.474968854,19679472.474968854,19679072.474968854,19679322.474968854,1206
2024-01-01 05:28:00,19739691.588799667,19739891.588799667,19739491.588799667,19739741.588799667,1441
2024-01-01 05:29:00,19799965.78163034,19800165.78163034,19799765.78163034,19800015.78163034,639
2024-01-01 05:30:00,19860388.947210968,19860588.947210968,19860188.947210968,19860438.947210968,1213
2024-01-01 05:31:00,19920180.824846923,19920380.824846923,19919980.824846923,19920230.824846923,1236
2024-01-01 05:32:00,19979621.0836498,19979821.0836498,19979421.0836498,19979671.0836498,1121
2024-01-01 05:33:00,20040120.536953717,20040320.536953717,20039920.536953717,20040170.536953717,1484
2024-01-01 05:34:00,20100868.65925135,20101068.65925135,20100668.65925135,20100918.65925135,1323
2024-01-01 05:35:00,20160768.388065968,20160968.388065968,20160568.388065968,20160818.388065968,582
2024-01-01 05:36:00,20220284.124971814,20220484.124971814,20220084.124971814,20220334.124971814,710
2024-01-01 05:37:00,20279984.090449262,20280184.090449262,20279784.090449262,20280034.090449262,728
2024-01-01 05:38:00,20339802.155051056,20340002.155051056,20339602.155051056,20339852.155051056,948
2024-01-01 05:39:00,20399902.63078315,20400102.63078315,20399702.63078315,20399952.63078315,600
2024-01-01 05:40:00,20460083.49526711,20460283.49526711,20459883.49526711,20460133.49526711,1285
2024-01-01 05:41:00,20520707.736756124,20520907.736756124,20520507.736756124,20520757.736756124,1220
2024-01-01 05:42:00,20580249.494423687,20580449.494423687,20580049.494423687,20580299.494423687,1002
2024-01-01 05:43:00,20640611.49899614,20640811.49899614,20640411.49899614,20640661.49899614,1414
2024-01-01 05:44:00,20700308.618357427,20700508.618357427,20700108.618357427,20700358.618357427,986
2024-01-01 05:45:00,20760384.816504408,20760584.816504408,20760184.816504408,20760434.816504408,788
2024-01-01 05:46:00,20821009.04709771,20821209.04709771,20820809.04709771,20821059.04709771,769
2024-01-01 05:47:00,20880475.621573042,20880675.621573042,20880275.621573042,20880525.621573042,1138
2024-01-01 05:48:00,20940272.865941353,20940472.865941353,20940072.865941353,20940322.865941353,1332
2024-01-01 05:49:00,21000186.627288386,21000386.627288386,20999986.627288386,21000236.627288386,1143
2024-01-01 05:50:00,21060542.299545653,21060742.299545653,21060342.299545653,21060592.299545653,1127
2024-01-01 05:51:00,21120651.342365965,21120851.342365965,21120451.342365965,21120701.342365965,832
2024-01-01 05:52:00,21181012.636640638,21181212.636640638,21180812.636640638,21181062.636640638,953
2024-01-01 05:53:00,21240624.381397456,21240824.381397456,21240424.381397456,21240674.381397456,756
2024-01-01 05:54:00,21300474.7127576,21300674.7127576,21300274.7127576,21300524.7127576,1239
2024-01-01 05:55:00,21360235.671405345,21360435.671405345,21360035.671405345,21360285.671405345,1442
2024-01-01 05:56:00,21420246.89367958,21420446.89367958,21420046.89367958,21420296.89367958,1227
2024-01-01 05:57:00,21479915.330139816,21480115.330139816,21479715.330139816,21479965.330139816,1221
2024-01-01 05:58:00,21539036.7056839,21539236.7056839,21538836.7056839,21539086.7056839,1366
2024-01-01 05:59:00,21599148.675339192,21599348.675339192,21598948.675339192,21599198.675339192,1229
2024-01-01 06:00:00,21658917.905424647,21659117.905424647,21658717.905424647,21658967.905424647,570
2024-01-01 06:01:00,21718029.317939855,21718229.317939855,21717829.317939855,21718079.317939855,895
2024-01-01 06:02:00,21777723.364560388,21777923.364560388,21777523.364560388,21777773.364560388,900
2024-01-01 06:03:00,21837314.185677942,21837514.185677942,21837114.185677942,21837364.185677942,946
2024-01-01 06:04:00,21897627.034861173,21897827.034861173,21897427.034861173,21897677.034861173,1161
2024-01-01 06:05:00,21957949.101949666,21958149.101949666,21957749.101949666,21957999.101949666,593
2024-01-01 06:06:00,22017369.600395422,22017569.600395422,22017169.600395422,22017419.600395422,1050
2024-01-01 06:07:00,22076947.022766825,22077147.022766825,22076747.022766825,22076997.022766825,648
2024-01-01 06:08:00,22136888.958893158,22137088.958893158,22136688.958893158,22136938.958893158,1304
2024-01-01 06:09:00,22195632.145791583,22195832.145791583,22195432.145791583,22195682.145791583,835
2024-01-01 06:10:00,22255535.974500768,22255735.974500768,22255335.974500768,22255585.974500768,529
2024-01-01 06:11:00,22315386.096698802,22315586.096698802,22315186.096698802,22315436.096698802,657
2024-01-01 06:12:00,22374659.71993327,22374859.71993327,22374459.71993327,22374709.71993327,1104
2024-01-01 06:13:00,22435637.050614517,22435837.050614517,22435437.050614517,22435687.050614517,1022
2024-01-01 06:14:00,22495836.947864193,22496036.947864193,22495636.947864193,22495886.947864193,1046
2024-01-01 06:15:00,22557108.414743192,22557308.414743192,22556908.414743192,22557158.414743192,904
2024-01-01 06:16:00,22617390.181437623,22617590.181437623,22617190.181437623,22617440.181437623,1006
2024-01-01 06:17:00,22677839.942296773,22678039.942296773,22677639.942296773,22677889.942296773,556
2024-01-01 06:18:00,22738102.43431646,22738302.43431646,22737902.43431646,22738152.43431646,787
2024-01-01 06:19:00,22797430.136504315,22797630.136504315,22797230.136504315,22797480.136504315,1349
2024-01-01 06:20:00,22856925.426409222,22857125.426409222,22856725.426409222,22856975.426409222,1261
2024-01-01 06:21:00,22916156.21310132,22916356.21310132,22915956.21310132,22916206.21310132,698
2024-01-01 06:22:00,22976189.481262334,22976389.481262334,22975989.481262334,22976239.481262334,560
2024-01-01 06:23:00,23036005.235808596,23036205.235808596,23035805.235808596,23036055.235808596,1224
2024-01-01 06:24:00,23096559.405833587,23096759.405833587,23096359.405833587,23096609.405833587,846
2024-01-01 06:25:00,23156544.971328538,23156744.971328538,23156344.971328538,23156594.971328538,1238
2024-01-01 06:26:00,23216989.588540092,23217189.588540092,23216789.588540092,23217039.588540092,705
2024-01-01 06:27:00,23277554.04468309,23277754.04468309,23277354.04468309,23277604.04468309,1257
2024-01-01 06:28:00,23337052.24052042,23337252.24052042,23336852.24052042,23337102.24052042,754
2024-01-01 06:29:00,23397430.750983104,23397630.750983104,23397230.750983104,23397480.750983104,1205
2024-01-01 06:30:00,23456982.036228057,23457182.036228057,23456782.036228057,23457032.036228057,1057
2024-01-01 06:31:00,23517075.04386594,23517275.04386594,23516875.04386594,23517125.04386594,1335
2024-01-01 06:32:00,23576576.79845022,23576776.79845022,23576376.79845022,23576626.79845022,919
2024-01-01 06:33:00,23636278.487771608,23636478.487771608,23636078.487771608,23636328.487771608,1147
2024-01-01 06:34:00,23696137.023799688,23696337.023799688,23695937.023799688,23696187.023799688,1332
2024-01-01 06:35:00,23755853.768850096,23756053.768850096,23755653.768850096,23755903.768850096,1038
2024-01-01 06:36:00,23816730.994412545,23816930.994412545,23816530.994412545,23816780.994412545,515
2024-01-01 06:37:00,23877203.140757207,23877403.140757207,23877003.140757207,23877253.140757207,1327
2024-01-01 06:38:00,23936636.716798853,23936836.716798853,23936436.716798853,23936686.716798853,647
2024-01-01 06:39:00,23997209.40788327,23997409.40788327,23997009.40788327,23997259.40788327,908
2024-01-01 06:40:00,24057518.651857737,24057718.651857737,24057318.651857737,24057568.651857737,773
2024-01-01 06:41:00,24118379.78280719,24118579.78280719,24118179.78280719,24118429.78280719,1029
2024-01-01 06:42:00,24178048.76700541,24178248.76700541,24177848.76700541,24178098.76700541,916
2024-01-01 06:43:00,24238289.597435255,24238489.597435255,24238089.597435255,24238339.597435255,906
2024-01-01 06:44:00,24298476.84549277,24298676.84549277,24298276.84549277,24298526.84549277,800
2024-01-01 06:45:00,24359097.27511718,24359297.27511718,24358897.27511718,24359147.27511718,1241
2024-01-01 06:46:00,24418362.5505928,24418562.5505928,24418162.5505928,24418412.5505928,1174
2024-01-01 06:47:00,24478057.216401514,24478257.216401514,24477857.216401514,24478107.216401514,626
2024-01-01 06:48:00,24537639.02833673,24537839.02833673,24537439.02833673,24537689.02833673,1263
2024-01-01 06:49:00,24597636.216256887,24597836.216256887,24597436.216256887,24597686.216256887,1284
2024-01-01 06:50:00,24657354.54877782,24657554.54877782,24657154.54877782,24657404.54877782,1009
2024-01-01 06:51:00,24717887.47819807,24718087.47819807,24717687.47819807,24717937.47819807,1128
2024-01-01 06:52:00,24778985.164469562,24779185.164469562,24778785.164469562,24779035.164469562,888
2024-01-01 06:53:00,24838882.955506563,24839082.955506563,24838682.955506563,24838932.955506563,934
2024-01-01 06:54:00,24898448.95372876,24898648.95372876,24898248.95372876,24898498.95372876,535
2024-01-01 06:55:00,24957916.169567425,24958116.169567425,24957716.169567425,24957966.169567425,734
2024-01-01 06:56:00,25017310.17691573,25017510.17691573,25017110.17691573,25017360.17691573,604
2024-01-01 06:57:00,25078112.003001645,25078312.003001645,25077912.003001645,25078162.003001645,1386
2024-01-01 06:58:00,25138646.18745336,25138846.18745336,25138446.18745336,25138696.18745336,1134
2024-01-01 06:59:00,25198404.631681103,25198604.631681103,25198204.631681103,25198454.631681103,718
2024-01-01 07:00:00,25258822.890579212,25259022.890579212,25258622.890579212,25258872.890579212,1246
2024-01-01 07:01:00,25318923.50690603,25319123.50690603,25318723.50690603,25318973.50690603,657
2024-01-01 07:02:00,25379016.77801895,25379216.77801895,25378816.77801895,25379066.77801895,1076
2024-01-01 07:03:00,25439357.108276308,25439557.108276308,25439157.108276308,25439407.108276308,606
2024-01-01 07:04:00,25499951.400850017,25500151.400850017,25499751.400850017,25500001.400850017,707
2024-01-01 07:05:00,25559741.88602796,25559941.88602796,25559541.88602796,25559791.88602796,1181
2024-01-01 07:06:00,25619281.084784653,25619481.084784653,25619081.084784653,25619331.084784653,976
2024-01-01 07:07:00,25679181.987697598,25679381.987697598,25678981.987697598,25679231.987697598,527
2024-01-01 07:08:00,25738882.338084854,25739082.338084854,25738682.338084854,25738932.338084854,1380
2024-01-01 07:09:00,25799032.107407063,25799232.107407063,25798832.107407063,25799082.107407063,750
2024-01-01 07:10:00,25859496.633920368,25859696.633920368,25859296.633920368,25859546.633920368,1263
2024-01-01 07:11:00,25920111.619797993,25920311.619797993,25919911.619797993,25920161.619797993,1228
2024-01-01 07:12:00,25979756.62236691,25979956.62236691,25979556.62236691,25979806.62236691,1436
2024-01-01 07:13:00,26039251.55188796,26039451.55188796,26039051.55188796,26039301.55188796,691
2024-01-01 07:14:00,26099246.95891843,26099446.95891843,26099046.95891843,26099296.95891843,963
2024-01-01 07:15:00,26158825.569722086,26159025.569722086,26158625.569722086,26158875.569722086,1247
2024-01-01 07:16:00,26219207.628572866,26219407.628572866,26219007.628572866,26219257.628572866,1328
2024-01-01 07:17:00,26279290.95774284,26279490.95774284,26279090.95774284,26279340.95774284,550
2024-01-01 07:18:00,26339057.198191863,26339257.198191863,26338857.198191863,26339107.198191863,1219
2024-01-01 07:19:00,26398852.66134145,26399052.66134145,26398652.66134145,26398902.66134145,1430
2024-01-01 07:20:00,26458265.741695616,26458465.741695616,26458065.741695616,26458315.741695616,972
2024-01-01 07:21:00,26518306.92425379,26518506.92425379,26518106.92425379,26518356.92425379,1347
2024-01-01 07:22:00,26578341.520752843,26578541.520752843,26578141.520752843,26578391.520752843,1296
2024-01-01 07:23:00,26638511.485524163,26638711.485524163,26638311.485524163,26638561.485524163,1262
2024-01-01 07:24:00,26699335.079768974,26699535.079768974,26699135.079768974,26699385.079768974,948
2024-01-01 07:25:00,26759186.158665787,26759386.158665787,26758986.158665787,26759236.158665787,1433
2024-01-01 07:26:00,26819534.516382903,26819734.516382903,26819334.516382903,26819584.516382903,1239
2024-01-01 07:27:00,26879629.121711668,26879829.121711668,26879429.121711668,26879679.121711668,723
2024-01-01 07:28:00,26940547.95089669,26940747.95089669,26940347.95089669,26940597.95089669,1487
2024-01-01 07:29:00,27001092.235110335,27001292.235110335,27000892.235110335,27001142.235110335,603
2024-01-01 07:30:00,27060150.79647825,27060350.79647825,27059950.79647825,27060200.79647825,596
2024-01-01 07:31:00,27120698.863402247,27120898.863402247,27120498.863402247,27120748.863402247,714
2024-01-01 07:32:00,27180454.646423202,27180654.646423202,27180254.646423202,27180504.646423202,888
2024-01-01 07:33:00,27240875.219758518,27241075.219758518,27240675.219758518,27240925.219758518,1284
2024-01-01 07:34:00,27302166.52887819,27302366.52887819,27301966.52887819,27302216.52887819,827
2024-01-01 07:35:00,27361696.01238085,27361896.01238085,27361496.01238085,27361746.01238085,1497
2024-01-01 07:36:00,27422370.773222554,27422570.773222554,27422170.773222554,27422420.773222554,1465
2024-01-01 07:37:00,27482779.645625878,27482979.645625878,27482579.645625878,27482829.645625878,1200
2024-01-01 07:38:00,27542278.108151745,27542478.108151745,27542078.108151745,27542328.108151745,562
2024-01-01 07:39:00,27602918.93345468,27603118.93345468,27602718.93345468,27602968.93345468,1438
2024-01-01 07:40:00,27663355.877437178,27663555.877437178,27663155.877437178,27663405.877437178,1254
2024-01-01 07:41:00,27724189.132926308,27724389.132926308,27723989.132926308,27724239.132926308,1049
2024-01-01 07:42:00,27783934.631948985,27784134.631948985,27783734.631948985,27783984.631948985,914
2024-01-01 07:43:00,27843201.21605832,27843401.21605832,27843001.21605832,27843251.21605832,1165
2024-01-01 07:44:00,27903773.038569596,27903973.038569596,27903573.038569596,27903823.038569596,1420
2024-01-01 07:45:00,27964809.228655823,27965009.228655823,27964609.228655823,27964859.228655823,849
2024-01-01 07:46:00,28025697.654930007,28025897.654930007,28025497.654930007,28025747.654930007,746
2024-01-01 07:47:00,28085563.32514534,28085763.32514534,28085363.32514534,28085613.32514534,1065
2024-01-01 07:48:00,28145385.998640884,28145585.998640884,28145185.998640884,28145435.998640884,941
2024-01-01 07:49:00,28205894.947071258,28206094.947071258,28205694.947071258,28205944.947071258,1378
2024-01-01 07:50:00,28265642.18981613,28265842.18981613,28265442.18981613,28265692.18981613,1062
2024-01-01 07:51:00,28325146.553645533,28325346.553645533,28324946.553645533,28325196.553645533,636
2024-01-01 07:52:00,28385470.63695585,28385670.63695585,28385270.63695585,28385520.63695585,771
2024-01-01 07:53:00,28445808.10296019,28446008.10296019,28445608.10296019,28445858.10296019,1114
2024-01-01 07:54:00,28504679.969846375,28504879.969846375,28504479.969846375,28504729.969846375,699
2024-01-01 07:55:00,28564245.7940499,28564445.7940499,28564045.7940499,28564295.7940499,1321
2024-01-01 07:56:00,28624804.187417846,28625004.187417846,28624604.187417846,28624854.187417846,1182
2024-01-01 07:57:00,28685387.399523113,28685587.399523113,28685187.399523113,28685437.399523113,1041
2024-01-01 07:58:00,28745355.25015376,28745555.25015376,28745155.25015376,28745405.25015376,1218
2024-01-01 07:59:00,28805521.458883137,28805721.458883137,28805321.458883137,28805571.458883137,1351
2024-01-01 08:00:00,28864847.29278646,28865047.29278646,28864647.29278646,28864897.29278646,586
2024-01-01 08:01:00,28924498.81684771,28924698.81684771,28924298.81684771,28924548.81684771,1401
2024-01-01 08:02:00,28984605.67849513,28984805.67849513,28984405.67849513,28984655.67849513,1304
2024-01-01 08:03:00,29045083.09856605,29045283.09856605,29044883.09856605,29045133.09856605,1322
2024-01-01 08:04:00,29105040.39933331,29105240.39933331,29104840.39933331,29105090.39933331,725
2024-01-01 08:05:00,29164679.19933468,29164879.19933468,29164479.19933468,29164729.19933468,1345
2024-01-01 08:06:00,29224618.94914994,29224818.94914994,29224418.94914994,29224668.94914994,1338
2024-01-01 08:07:00,29284042.99914174,29284242.99914174,29283842.99914174,29284092.99914174,1377
2024-01-01 08:08:00,29344549.1499675,29344749.1499675,29344349.1499675,29344599.1499675,1182
2024-01-01 08:09:00,29403791.66860815,29403991.66860815,29403591.66860815,29403841.66860815,847
2024-01-01 08:10:00,29464143.635175195,29464343.635175195,29463943.635175195,29464193.635175195,1331
2024-01-01 08:11:00,29523772.225032415,29523972.225032415,29523572.225032415,29523822.225032415,1262
2024-01-01 08:12:00,29583880.091319226,29584080.091319226,29583680.091319226,29583930.091319226,508
2024-01-01 08:13:00,29643506.07448881,29643706.07448881,29643306.07448881,29643556.07448881,1035
2024-01-01 08:14:00,29703467.476997647,29703667.476997647,29703267.476997647,29703517.476997647,864
2024-01-01 08:15:00,29764640.951663405,29764840.951663405,29764440.951663405,29764690.951663405,754
2024-01-01 08:16:00,29825532.465173423,29825732.465173423,29825332.465173423,29825582.465173423,1455
2024-01-01 08:17:00,29885578.434423354,29885778.434423354,29885378.434423354,29885628.434423354,940
2024-01-01 08:18:00,29945523.053080708,29945723.053080708,29945323.053080708,29945573.053080708,909
2024-01-01 08:19:00,30006082.016919937,30006282.016919937,30005882.016919937,30006132.016919937,987
2024-01-01 08:20:00,30066088.567672793,30066288.567672793,30065888.567672793,30066138.567672793,1331
2024-01-01 08:21:00,30125492.78918348,30125692.78918348,30125292.78918348,30125542.78918348,1256
2024-01-01 08:22:00,30185388.20905891,30185588.20905891,30185188.20905891,30185438.20905891,1485
2024-01-01 08:23:00,30245386.597826183,30245586.597826183,30245186.597826183,30245436.597826183,666
2024-01-01 08:24:00,30305349.976835534,30305549.976835534,30305149.976835534,30305399.976835534,939
2024-01-01 08:25:00,30365514.789081894,30365714.789081894,30365314.789081894,30365564.789081894,501
2024-01-01 08:26:00,30425210.623701055,30425410.623701055,30425010.623701055,30425260.623701055,561
2024-01-01 08:27:00,30485135.336578175,30485335.336578175,30484935.336578175,30485185.336578175,1296
2024-01-01 08:28:00,30545657.453884188,30545857.453884188,30545457.453884188,30545707.453884188,780
2024-01-01 08:29:00,30605475.538014837,30605675.538014837,30605275.538014837,30605525.538014837,667
2024-01-01 08:30:00,30664974.352392033,30665174.352392033,30664774.352392033,30665024.352392033,888
2024-01-01 08:31:00,30724353.325371325,30724553.325371325,30724153.325371325,30724403.325371325,1449
2024-01-01 08:32:00,30783560.932772025,30783760.932772025,30783360.932772025,30783610.932772025,1399
2024-01-01 08:33:00,30843757.927071296,30843957.927071296,30843557.927071296,30843807.927071296,1142
2024-01-01 08:34:00,30903856.768692028,30904056.768692028,30903656.768692028,30903906.768692028,909
2024-01-01 08:35:00,30964003.484419156,30964203.484419156,30963803.484419156,30964053.484419156,1036
2024-01-01 08:36:00,31023421.629316345,31023621.629316345,31023221.629316345,31023471.629316345,633
2024-01-01 08:37:00,31084065.494472988,31084265.494472988,31083865.494472988,31084115.494472988,1463
2024-01-01 08:38:00,31144039.321392734,31144239.321392734,31143839.321392734,31144089.321392734,1014
2024-01-01 08:39:00,31204381.381162137,31204581.381162137,31204181.381162137,31204431.381162137,966
2024-01-01 08:40:00,31264086.446054883,31264286.446054883,31263886.446054883,31264136.446054883,1221
2024-01-01 08:41:00,31324486.48544237,31324686.48544237,31324286.48544237,31324536.48544237,709
2024-01-01 08:42:00,31383730.537285227,31383930.537285227,31383530.537285227,31383780.537285227,920
2024-01-01 08:43:00,31443807.51665868,31444007.51665868,31443607.51665868,31443857.51665868,1428
2024-01-01 08:44:00,31504467.21875622,31504667.21875622,31504267.21875622,31504517.21875622,675
2024-01-01 08:45:00,31563440.12670539,31563640.12670539,31563240.12670539,31563490.12670539,1222
2024-01-01 08:46:00,31623329.85998619,31623529.85998619,31623129.85998619,31623379.85998619,835
2024-01-01 08:47:00,31683665.073392354,31683865.073392354,31683465.073392354,31683715.073392354,699
2024-01-01 08:48:00,31743307.08963618,31743507.08963618,31743107.08963618,31743357.08963618,577
2024-01-01 08:49:00,31804077.130096357,31804277.130096357,31803877.130096357,31804127.130096357,1068
2024-01-01 08:50:00,31864151.81301525,31864351.81301525,31863951.81301525,31864201.81301525,582
2024-01-01 08:51:00,31923527.061209418,31923727.061209418,31923327.061209418,31923577.061209418,1254
2024-01-01 08:52:00,31983125.883535862,31983325.883535862,31982925.883535862,31983175.883535862,1178
2024-01-01 08:53:00,32043823.014152955,32044023.014152955,32043623.014152955,32043873.014152955,741
2024-01-01 08:54:00,32103903.461790536,32104103.461790536,32103703.461790536,32103953.461790536,938
2024-01-01 08:55:00,32163621.112062294,32163821.112062294,32163421.112062294,32163671.112062294,715
2024-01-01 08:56:00,32224396.803422138,32224596.803422138,32224196.803422138,32224446.803422138,1226
2024-01-01 08:57:00,32284390.94175495,32284590.94175495,32284190.94175495,32284440.94175495,1288
2024-01-01 08:58:00,32344508.15299817,32344708.15299817,32344308.15299817,32344558.15299817,894
2024-01-01 08:59:00,32404245.12699272,32404445.12699272,32404045.12699272,32404295.12699272,674
2024-01-01 09:00:00,32464446.969012544,32464646.969012544,32464246.969012544,32464496.969012544,946
2024-01-01 09:01:00,32524500.547942527,32524700.547942527,32524300.547942527,32524550.547942527,967
2024-01-01 09:02:00,32583694.884050183,32583894.884050183,32583494.884050183,32583744.884050183,1061
2024-01-01 09:03:00,32644664.3457558,32644864.3457558,32644464.3457558,32644714.3457558,988
2024-01-01 09:04:00,32703740.472089104,32703940.472089104,32703540.472089104,32703790.472089104,1088
2024-01-01 09:05:00,32763907.659893654,32764107.659893654,32763707.659893654,32763957.659893654,1394
2024-01-01 09:06:00,32823664.85395586,32823864.85395586,32823464.85395586,32823714.85395586,1010
2024-01-01 09:07:00,32883464.181716185,32883664.181716185,32883264.181716185,32883514.181716185,1333
2024-01-01 09:08:00,32943531.416982725,32943731.416982725,32943331.416982725,32943581.416982725,554
2024-01-01 09:09:00,33004172.10551242,33004372.10551242,33003972.10551242,33004222.10551242,1411
2024-01-01 09:10:00,33063849.738006342,33064049.738006342,33063649.738006342,33063899.738006342,1050
2024-01-01 09:11:00,33124242.340699907,33124442.340699907,33124042.340699907,33124292.340699907,981
2024-01-01 09:12:00,33183772.83358752,33183972.83358752,33183572.83358752,33183822.83358752,1337
2024-01-01 09:13:00,33243894.30240153,33244094.30240153,33243694.30240153,33243944.30240153,807
2024-01-01 09:14:00,33304067.49943936,33304267.49943936,33303867.49943936,33304117.49943936,1233
2024-01-01 09:15:00,33364503.883804414,33364703.883804414,33364303.883804414,33364553.883804414,1004
2024-01-01 09:16:00,33424363.525979202,33424563.525979202,33424163.525979202,33424413.525979202,627
2024-01-01 09:17:00,33483908.81331388,33484108.81331388,33483708.81331388,33483958.81331388,1004
2024-01-01 09:18:00,33543987.861004733,33544187.861004733,33543787.861004733,33544037.861004733,1370
2024-01-01 09:19:00,33604993.27768456,33605193.27768456,33604793.27768456,33605043.27768456,1109
2024-01-01 09:20:00,33665446.374634795,33665646.374634795,33665246.374634795,33665496.374634795,576
2024-01-01 09:21:00,33726046.362657495,33726246.362657495,33725846.362657495,33726096.362657495,526
2024-01-01 09:22:00,33785869.39214213,33786069.39214213,33785669.39214213,33785919.39214213,807
2024-01-01 09:23:00,33846443.68767235,33846643.68767235,33846243.68767235,33846493.68767235,1347
2024-01-01 09:24:00,33906698.54669921,33906898.54669921,33906498.54669921,33906748.54669921,1373
2024-01-01 09:25:00,33966921.66116626,33967121.66116626,33966721.66116626,33966971.66116626,819
2024-01-01 09:26:00,34026488.15861799,34026688.15861799,34026288.15861799,34026538.15861799,564
2024-01-01 09:27:00,34086778.58066029,34086978.58066029,34086578.58066029,34086828.58066029,739
2024-01-01 09:28:00,34146101.242507674,34146301.242507674,34145901.242507674,34146151.242507674,1018
2024-01-01 09:29:00,34205719.985395625,34205919.985395625,34205519.985395625,34205769.985395625,1088
2024-01-01 09:30:00,34265883.24087375,34266083.24087375,34265683.24087375,34265933.24087375,718
2024-01-01 09:31:00,34325843.86956972,34326043.86956972,34325643.86956972,34325893.86956972,752
2024-01-01 09:32:00,34385812.490700275,34386012.490700275,34385612.490700275,34385862.490700275,922
2024-01-01 09:33:00,34445307.35284629,34445507.35284629,34445107.35284629,34445357.35284629,1070
2024-01-01 09:34:00,34505387.37312227,34505587.37312227,34505187.37312227,34505437.37312227,1166
2024-01-01 09:35:00,34565899.86726106,34566099.86726106,34565699.86726106,34565949.86726106,940
2024-01-01 09:36:00,34626551.93783792,34626751.93783792,34626351.93783792,34626601.93783792,692
2024-01-01 09:37:00,34685955.1527114,34686155.1527114,34685755.1527114,34686005.1527114,674
2024-01-01 09:38:00,34745410.903087854,34745610.903087854,34745210.903087854,34745460.903087854,534
2024-01-01 09:39:00,34804875.17439062,34805075.17439062,34804675.17439062,34804925.17439062,1138
2024-01-01 09:40:00,34864933.00122912,34865133.00122912,34864733.00122912,34864983.00122912,763
2024-01-01 09:41:00,34925683.98771249,34925883.98771249,34925483.98771249,34925733.98771249,600
2024-01-01 09:42:00,34985639.42238011,34985839.42238011,34985439.42238011,34985689.42238011,872
2024-01-01 09:43:00,35046008.83690186,35046208.83690186,35045808.83690186,35046058.83690186,968
2024-01-01 09:44:00,35106195.490297236,35106395.490297236,35105995.490297236,35106245.490297236,1129
2024-01-01 09:45:00,35166702.23337795,35166902.23337795,35166502.23337795,35166752.23337795,1313
2024-01-01 09:46:00,35227030.736726,35227230.736726,35226830.736726,35227080.736726,678
2024-01-01 09:47:00,35287418.015578896,35287618.015578896,35287218.015578896,35287468.015578896,1407
2024-01-01 09:48:00,35347828.629224785,35348028.629224785,35347628.629224785,35347878.629224785,678
2024-01-01 09:49:00,35408992.54431618,35409192.54431618,35408792.54431618,35409042.54431618,1334
2024-01-01 09:50:00,35469545.36475521,35469745.36475521,35469345.36475521,35469595.36475521,977
2024-01-01 09:51:00,35530524.77048344,35530724.77048344,35530324.77048344,35530574.77048344,613
2024-01-01 09:52:00,35590340.99974836,35590540.99974836,35590140.99974836,35590390.99974836,1087
2024-01-01 09:53:00,35650238.36716395,35650438.36716395,35650038.36716395,35650288.36716395,1027
2024-01-01 09:54:00,35709934.91031657,35710134.91031657,35709734.91031657,35709984.91031657,1294
2024-01-01 09:55:00,35770410.91144161,35770610.91144161,35770210.91144161,35770460.91144161,562
2024-01-01 09:56:00,35830717.143565394,35830917.143565394,35830517.143565394,35830767.143565394,913
2024-01-01 09:57:00,35890471.77864093,35890671.77864093,35890271.77864093,35890521.77864093,509
2024-01-01 09:58:00,35950229.34833849,35950429.34833849,35950029.34833849,35950279.34833849,1353
2024-01-01 09:59:00,36010904.83579468,36011104.83579468,36010704.83579468,36010954.83579468,910
2024-01-01 10:00:00,36071532.747737676,36071732.747737676,36071332.747737676,36071582.747737676,1283
2024-01-01 10:01:00,36131925.67328587,36132125.67328587,36131725.67328587,36131975.67328587,1140
2024-01-01 10:02:00,36191842.82127195,36192042.82127195,36191642.82127195,36191892.82127195,643
2024-01-01 10:03:00,36252175.48692558,36252375.48692558,36251975.48692558,36252225.48692558,550
2024-01-01 10:04:00,36312885.9799326,36313085.9799326,36312685.9799326,36312935.9799326,598
2024-01-01 10:05:00,36373636.66148315,36373836.66148315,36373436.66148315,36373686.66148315,1006
2024-01-01 10:06:00,36433878.60757342,36434078.60757342,36433678.60757342,36433928.60757342,835
2024-01-01 10:07:00,36493975.85801059,36494175.85801059,36493775.85801059,36494025.85801059,1335
2024-01-01 10:08:00,36554237.98148043,36554437.98148043,36554037.98148043,36554287.98148043,1116
2024-01-01 10:09:00,36613450.258917615,36613650.258917615,36613250.258917615,36613500.258917615,798
2024-01-01 10:10:00,36673522.79721009,36673722.79721009,36673322.79721009,36673572.79721009,844
2024-01-01 10:11:00,36733248.90647477,36733448.90647477,36733048.90647477,36733298.90647477,726
2024-01-01 10:12:00,36792756.50616291,36792956.50616291,36792556.50616291,36792806.50616291,902
2024-01-01 10:13:00,36852784.460031234,36852984.460031234,36852584.460031234,36852834.460031234,590
2024-01-01 10:14:00,36912300.47869122,36912500.47869122,36912100.47869122,36912350.47869122,828
2024-01-01 10:15:00,36972317.47856801,36972517.47856801,36972117.47856801,36972367.47856801,1420
2024-01-01 10:16:00,37031895.5308765,37032095.5308765,37031695.5308765,37031945.5308765,957
2024-01-01 10:17:00,37091824.92899192,37092024.92899192,37091624.92899192,37091874.92899192,1075
2024-01-01 10:18:00,37152378.53342893,37152578.53342893,37152178.53342893,37152428.53342893,954
2024-01-01 10:19:00,37212285.20367119,37212485.20367119,37212085.20367119,37212335.20367119,788
2024-01-01 10:20:00,37272266.02702058,37272466.02702058,37272066.02702058,37272316.02702058,962
2024-01-01 10:21:00,37332187.929358564,37332387.929358564,37331987.929358564,37332237.929358564,681
2024-01-01 10:22:00,37391968.94265881,37392168.94265881,37391768.94265881,37392018.94265881,1319
2024-01-01 10:23:00,37452775.050221905,37452975.050221905,37452575.050221905,37452825.050221905,563
2024-01-01 10:24:00,37513580.62202569,37513780.62202569,37513380.62202569,37513630.62202569,1062
2024-01-01 10:25:00,37573387.366912305,37573587.366912305,37573187.366912305,37573437.366912305,984
2024-01-01 10:26:00,37633539.76122288,37633739.76122288,37633339.76122288,37633589.76122288,851
2024-01-01 10:27:00,37692399.79928805,37692599.79928805,37692199.79928805,37692449.79928805,1282
2024-01-01 10:28:00,37751744.960638285,37751944.960638285,37751544.960638285,37751794.960638285,1265
2024-01-01 10:29:00,37810822.30287961,37811022.30287961,37810622.30287961,37810872.30287961,1007
2024-01-01 10:30:00,37871484.77093423,37871684.77093423,37871284.77093423,37871534.77093423,1230
2024-01-01 10:31:00,37931573.406944625,37931773.406944625,37931373.406944625,37931623.406944625,1312
2024-01-01 10:32:00,37991616.01478276,37991816.01478276,37991416.01478276,37991666.01478276,666
2024-01-01 10:33:00,38052493.40511291,38052693.40511291,38052293.40511291,38052543.40511291,624
2024-01-01 10:34:00,38112291.51596864,38112491.51596864,38112091.51596864,38112341.51596864,561
2024-01-01 10:35:00,38172547.88693535,38172747.88693535,38172347.88693535,38172597.88693535,737
2024-01-01 10:36:00,38231732.30892042,38231932.30892042,38231532.30892042,38231782.30892042,932
2024-01-01 10:37:00,38291411.14530055,38291611.14530055,38291211.14530055,38291461.14530055,1358
2024-01-01 10:38:00,38352322.72862695,38352522.72862695,38352122.72862695,38352372.72862695,1271
2024-01-01 10:39:00,38411765.93814458,38411965.93814458,38411565.93814458,38411815.93814458,501
2024-01-01 10:40:00,38472264.19991796,38472464.19991796,38472064.19991796,38472314.19991796,1275
2024-01-01 10:41:00,38533092.238789566,38533292.238789566,38532892.238789566,38533142.238789566,631
2024-01-01 10:42:00,38592888.60446507,38593088.60446507,38592688.60446507,38592938.60446507,507
2024-01-01 10:43:00,38652719.04752249,38652919.04752249,38652519.04752249,38652769.04752249,1114
2024-01-01 10:44:00,38712416.65311717,38712616.65311717,38712216.65311717,38712466.65311717,1041
2024-01-01 10:45:00,38773405.19670926,38773605.19670926,38773205.19670926,38773455.19670926,1050
2024-01-01 10:46:00,38833233.29029388,38833433.29029388,38833033.29029388,38833283.29029388,1301
2024-01-01 10:47:00,38893799.81973581,38893999.81973581,38893599.81973581,38893849.81973581,963
2024-01-01 10:48:00,38953346.81124589,38953546.81124589,38953146.81124589,38953396.81124589,1130
2024-01-01 10:49:00,39014143.64225315,39014343.64225315,39013943.64225315,39014193.64225315,1209
2024-01-01 10:50:00,39073667.590346344,39073867.590346344,39073467.590346344,39073717.590346344,1228
2024-01-01 10:51:00,39134317.176654264,39134517.176654264,39134117.176654264,39134367.176654264,1198
2024-01-01 10:52:00,39194963.63262624,39195163.63262624,39194763.63262624,39195013.63262624,710
2024-01-01 10:53:00,39254966.1535441,39255166.1535441,39254766.1535441,39255016.1535441,985
2024-01-01 10:54:00,39315055.76313502,39315255.76313502,39314855.76313502,39315105.76313502,923
2024-01-01 10:55:00,39374949.29474603,39375149.29474603,39374749.29474603,39374999.29474603,1176
2024-01-01 10:56:00,39434758.86738671,39434958.86738671,39434558.86738671,39434808.86738671,1266
2024-01-01 10:57:00,39495516.389759354,39495716.389759354,39495316.389759354,39495566.389759354,559
2024-01-01 10:58:00,39555464.77093159,39555664.77093159,39555264.77093159,39555514.77093159,1474
2024-01-01 10:59:00,39615262.17745591,39615462.17745591,39615062.17745591,39615312.17745591,814
2024-01-01 11:00:00,39675871.721885905,39676071.721885905,39675671.721885905,39675921.721885905,826
2024-01-01 11:01:00,39736244.019513495,39736444.019513495,39736044.019513495,39736294.019513495,1385
2024-01-01 11:02:00,39796529.868323505,39796729.868323505,39796329.868323505,39796579.868323505,851
2024-01-01 11:03:00,39857198.31991159,39857398.31991159,39856998.31991159,39857248.31991159,1214
2024-01-01 11:04:00,39916868.04332082,39917068.04332082,39916668.04332082,39916918.04332082,902
2024-01-01 11:05:00,39976470.09690383,39976670.09690383,39976270.09690383,39976520.09690383,584
2024-01-01 11:06:00,40035420.21032552,40035620.21032552,40035220.21032552,40035470.21032552,1021
2024-01-01 11:07:00,40095852.462240964,40096052.462240964,40095652.462240964,40095902.462240964,565
2024-01-01 11:08:00,40155172.97170229,40155372.97170229,40154972.97170229,40155222.97170229,660
2024-01-01 11:09:00,40214805.30230804,40215005.30230804,40214605.30230804,40214855.30230804,858
2024-01-01 11:10:00,40274792.96977415,40274992.96977415,40274592.96977415,40274842.96977415,815
2024-01-01 11:11:00,40334978.997664474,40335178.997664474,40334778.997664474,40335028.997664474,1361
2024-01-01 11:12:00,40395063.705515526,40395263.705515526,40394863.705515526,40395113.705515526,1313
2024-01-01 11:13:00,40455617.983594455,40455817.983594455,40455417.983594455,40455667.983594455,1250
2024-01-01 11:14:00,40515549.261576965,40515749.261576965,40515349.261576965,40515599.261576965,1275
2024-01-01 11:15:00,40575296.3253122,40575496.3253122,40575096.3253122,40575346.3253122,1220
2024-01-01 11:16:00,40635499.49459415,40635699.49459415,40635299.49459415,40635549.49459415,1286
2024-01-01 11:17:00,40695096.29750331,40695296.29750331,40694896.29750331,40695146.29750331,1153
2024-01-01 11:18:00,40755558.850975655,40755758.850975655,40755358.850975655,40755608.850975655,835
2024-01-01 11:19:00,40814926.72432117,40815126.72432117,40814726.72432117,40814976.72432117,898
2024-01-01 11:20:00,40874564.8341995,40874764.8341995,40874364.8341995,40874614.8341995,1020
2024-01-01 11:21:00,40934291.040916994,40934491.040916994,40934091.040916994,40934341.040916994,1139
2024-01-01 11:22:00,40993051.74896831,40993251.74896831,40992851.74896831,40993101.74896831,777
2024-01-01 11:23:00,41052097.0495466,41052297.0495466,41051897.0495466,41052147.0495466,1177
2024-01-01 11:24:00,41113757.54078444,41113957.54078444,41113557.54078444,41113807.54078444,1149
2024-01-01 11:25:00,41174379.67055025,41174579.67055025,41174179.67055025,41174429.67055025,999
2024-01-01 11:26:00,41233972.53313625,41234172.53313625,41233772.53313625,41234022.53313625,1283
2024-01-01 11:27:00,41294295.22766159,41294495.22766159,41294095.22766159,41294345.22766159,1136
2024-01-01 11:28:00,41353242.0021465,41353442.0021465,41353042.0021465,41353292.0021465,759
2024-01-01 11:29:00,41413555.04423647,41413755.04423647,41413355.04423647,41413605.04423647,729
2024-01-01 11:30:00,41474159.360857084,41474359.360857084,41473959.360857084,41474209.360857084,1114
2024-01-01 11:31:00,41534369.54122179,41534569.54122179,41534169.54122179,41534419.54122179,1294
2024-01-01 11:32:00,41594760.76358044,41594960.76358044,41594560.76358044,41594810.76358044,775
2024-01-01 11:33:00,41653959.79364815,41654159.79364815,41653759.79364815,41654009.79364815,1210
2024-01-01 11:34:00,41714329.36930482,41714529.36930482,41714129.36930482,41714379.36930482,1022
2024-01-01 11:35:00,41774186.808787234,41774386.808787234,41773986.808787234,41774236.808787234,1147
2024-01-01 11:36:00,41834550.58871813,41834750.58871813,41834350.58871813,41834600.58871813,1193
2024-01-01 11:37:00,41895116.971586615,41895316.971586615,41894916.971586615,41895166.971586615,561
2024-01-01 11:38:00,41955175.32075368,41955375.32075368,41954975.32075368,41955225.32075368,715
2024-01-01 11:39:00,42014718.065437466,42014918.065437466,42014518.065437466,42014768.065437466,1396
2024-01-01 11:40:00,42075302.22614603,42075502.22614603,42075102.22614603,42075352.22614603,1368
2024-01-01 11:41:00,42135533.923720255,42135733.923720255,42135333.923720255,42135583.923720255,814
2024-01-01 11:42:00,42195055.63573756,42195255.63573756,42194855.63573756,42195105.63573756,1313
2024-01-01 11:43:00,42254991.8734035,42255191.8734035,42254791.8734035,42255041.8734035,1210
2024-01-01 11:44:00,42314683.80886904,42314883.80886904,42314483.80886904,42314733.80886904,973
2024-01-01 11:45:00,42374800.75707071,42375000.75707071,42374600.75707071,42374850.75707071,831
2024-01-01 11:46:00,42434841.437792644,42435041.437792644,42434641.437792644,42434891.437792644,1270
2024-01-01 11:47:00,42495144.88974356,42495344.88974356,42494944.88974356,42495194.88974356,1018
2024-01-01 11:48:00,42554706.54867755,42554906.54867755,42554506.54867755,42554756.54867755,709
2024-01-01 11:49:00,42614425.39914981,42614625.39914981,42614225.39914981,42614475.39914981,1082
2024-01-01 11:50:00,42674102.00738882,42674302.00738882,42673902.00738882,42674152.00738882,510
2024-01-01 11:51:00,42734124.479064524,42734324.479064524,42733924.479064524,42734174.479064524,503
2024-01-01 11:52:00,42793992.9277345,42794192.9277345,42793792.9277345,42794042.9277345,711
2024-01-01 11:53:00,42853510.36864162,42853710.36864162,42853310.36864162,42853560.36864162,1473
2024-01-01 11:54:00,42913438.51272809,42913638.51272809,42913238.51272809,42913488.51272809,1390
2024-01-01 11:55:00,42973976.36046302,42974176.36046302,42973776.36046302,42974026.36046302,996
2024-01-01 11:56:00,43034521.80528823,43034721.80528823,43034321.80528823,43034571.80528823,594
2024-01-01 11:57:00,43094531.338292405,43094731.338292405,43094331.338292405,43094581.338292405,1014
2024-01-01 11:58:00,43154438.822368346,43154638.822368346,43154238.822368346,43154488.822368346,957
2024-01-01 11:59:00,43214699.92372598,43214899.92372598,43214499.92372598,43214749.92372598,1350
2024-01-01 12:00:00,43273849.45369086,43274049.45369086,43273649.45369086,43273899.45369086,1175
2024-01-01 12:01:00,43333313.620006114,43333513.620006114,43333113.620006114,43333363.620006114,1276
2024-01-01 12:02:00,43392658.52542266,43392858.52542266,43392458.52542266,43392708.52542266,783
2024-01-01 12:03:00,43453135.59240547,43453335.59240547,43452935.59240547,43453185.59240547,1258
2024-01-01 12:04:00,43513181.218106665,43513381.218106665,43512981.218106665,43513231.218106665,832
2024-01-01 12:05:00,43573676.720981255,43573876.720981255,43573476.720981255,43573726.720981255,901
2024-01-01 12:06:00,43634323.87799589,43634523.87799589,43634123.87799589,43634373.87799589,862
2024-01-01 12:07:00,43693829.36537472,43694029.36537472,43693629.36537472,43693879.36537472,806
2024-01-01 12:08:00,43753785.06347427,43753985.06347427,43753585.06347427,43753835.06347427,1411
2024-01-01 12:09:00,43813481.37404457,43813681.37404457,43813281.37404457,43813531.37404457,1142
2024-01-01 12:10:00,43873246.37517251,43873446.37517251,43873046.37517251,43873296.37517251,629
2024-01-01 12:11:00,43933618.95103093,43933818.95103093,43933418.95103093,43933668.95103093,541
2024-01-01 12:12:00,43993990.66920185,43994190.66920185,43993790.66920185,43994040.66920185,1369
2024-01-01 12:13:00,44054287.48233076,44054487.48233076,44054087.48233076,44054337.48233076,1445
2024-01-01 12:14:00,44113749.9900497,44113949.9900497,44113549.9900497,44113799.9900497,1204
2024-01-01 12:15:00,44173527.97917913,44173727.97917913,44173327.97917913,44173577.97917913,583
2024-01-01 12:16:00,44233319.18033405,44233519.18033405,44233119.18033405,44233369.18033405,801
2024-01-01 12:17:00,44293807.44660485,44294007.44660485,44293607.44660485,44293857.44660485,643
2024-01-01 12:18:00,44353868.52602166,44354068.52602166,44353668.52602166,44353918.52602166,677
2024-01-01 12:19:00,44413376.999661386,44413576.999661386,44413176.999661386,44413426.999661386,951
2024-01-01 12:20:00,44473481.25192939,44473681.25192939,44473281.25192939,44473531.25192939,968
2024-01-01 12:21:00,44533398.71933833,44533598.71933833,44533198.71933833,44533448.71933833,960
2024-01-01 12:22:00,44593601.441237606,44593801.441237606,44593401.441237606,44593651.441237606,920
2024-01-01 12:23:00,44652924.483141914,44653124.483141914,44652724.483141914,44652974.483141914,944
2024-01-01 12:24:00,44713091.8289842,44713291.8289842,44712891.8289842,44713141.8289842,1141
2024-01-01 12:25:00,44773216.90706855,44773416.90706855,44773016.90706855,44773266.90706855,720
2024-01-01 12:26:00,44833142.322520666,44833342.322520666,44832942.322520666,44833192.322520666,636
2024-01-01 12:27:00,44892933.02291793,44893133.02291793,44892733.02291793,44892983.02291793,1028
2024-01-01 12:28:00,44952864.05171112,44953064.05171112,44952664.05171112,44952914.05171112,1473
2024-01-01 12:29:00,45013734.68179549,45013934.68179549,45013534.68179549,45013784.68179549,681
2024-01-01 12:30:00,45073845.8551296,45074045.8551296,45073645.8551296,45073895.8551296,750
2024-01-01 12:31:00,45133495.67907949,45133695.67907949,45133295.67907949,45133545.67907949,1291
2024-01-01 12:32:00,45193784.94171459,45193984.94171459,45193584.94171459,45193834.94171459,920
2024-01-01 12:33:00,45254232.89126643,45254432.89126643,45254032.89126643,45254282.89126643,943
2024-01-01 12:34:00,45314527.126121454,45314727.126121454,45314327.126121454,45314577.126121454,1215
2024-01-01 12:35:00,45374836.038960084,45375036.038960084,45374636.038960084,45374886.038960084,818
2024-01-01 12:36:00,45433777.35014708,45433977.35014708,45433577.35014708,45433827.35014708,1079
2024-01-01 12:37:00,45493324.323339626,45493524.323339626,45493124.323339626,45493374.323339626,1026
2024-01-01 12:38:00,45553154.6164478,45553354.6164478,45552954.6164478,45553204.6164478,1383
2024-01-01 12:39:00,45612958.44953881,45613158.44953881,45612758.44953881,45613008.44953881,1327
2024-01-01 12:40:00,45673887.06226734,45674087.06226734,45673687.06226734,45673937.06226734,777
2024-01-01 12:41:00,45733994.338433385,45734194.338433385,45733794.338433385,45734044.338433385,911
2024-01-01 12:42:00,45793609.32490219,45793809.32490219,45793409.32490219,45793659.32490219,831
2024-01-01 12:43:00,45853548.07021606,45853748.07021606,45853348.07021606,45853598.07021606,704
2024-01-01 12:44:00,45913995.69041499,45914195.69041499,45913795.69041499,45914045.69041499,702
2024-01-01 12:45:00,45974755.699149184,45974955.699149184,45974555.699149184,45974805.699149184,670
2024-01-01 12:46:00,46034598.96869942,46034798.96869942,46034398.96869942,46034648.96869942,622
2024-01-01 12:47:00,46094783.73197651,46094983.73197651,46094583.73197651,46094833.73197651,962
2024-01-01 12:48:00,46154853.67468997,46155053.67468997,46154653.67468997,46154903.67468997,1067
2024-01-01 12:49:00,46214907.557146415,46215107.557146415,46214707.557146415,46214957.557146415,1497
2024-01-01 12:50:00,46275237.50163302,46275437.50163302,46275037.50163302,46275287.50163302,1210
2024-01-01 12:51:00,46335412.56989126,46335612.56989126,46335212.56989126,46335462.56989126,1415
2024-01-01 12:52:00,46394887.0442631,46395087.0442631,46394687.0442631,46394937.0442631,991
2024-01-01 12:53:00,46453948.973171026,46454148.973171026,46453748.973171026,46453998.973171026,827
2024-01-01 12:54:00,46514160.39007167,46514360.39007167,46513960.39007167,46514210.39007167,714
2024-01-01 12:55:00,46573257.94217441,46573457.94217441,46573057.94217441,46573307.94217441,1009
2024-01-01 12:56:00,46633485.71571296,46633685.71571296,46633285.71571296,46633535.71571296,1397
2024-01-01 12:57:00,46693981.76560881,46694181.76560881,46693781.76560881,46694031.76560881,1099
2024-01-01 12:58:00,46752930.27641354,46753130.27641354,46752730.27641354,46752980.27641354,1255
2024-01-01 12:59:00,46813323.71434415,46813523.71434415,46813123.71434415,46813373.71434415,789
2024-01-01 13:00:00,46872890.12625392,46873090.12625392,46872690.12625392,46872940.12625392,1412
2024-01-01 13:01:00,46932434.49351699,46932634.49351699,46932234.49351699,46932484.49351699,1128
2024-01-01 13:02:00,46991930.632994,46992130.632994,46991730.632994,46991980.632994,868
2024-01-01 13:03:00,47052939.913345136,47053139.913345136,47052739.913345136,47052989.913345136,999
2024-01-01 13:04:00,47113065.80663478,47113265.80663478,47112865.80663478,47113115.80663478,1462
2024-01-01 13:05:00,47173597.71459324,47173797.71459324,47173397.71459324,47173647.71459324,1138
2024-01-01 13:06:00,47233727.11137982,47233927.11137982,47233527.11137982,47233777.11137982,682
2024-01-01 13:07:00,47293401.416934036,47293601.416934036,47293201.416934036,47293451.416934036,741
2024-01-01 13:08:00,47352969.5059336,47353169.5059336,47352769.5059336,47353019.5059336,696
2024-01-01 13:09:00,47413434.019020185,47413634.019020185,47413234.019020185,47413484.019020185,605
2024-01-01 13:10:00,47474108.27374237,47474308.27374237,47473908.27374237,47474158.27374237,1159
2024-01-01 13:11:00,47534451.25033295,47534651.25033295,47534251.25033295,47534501.25033295,1152
2024-01-01 13:12:00,47594518.80844178,47594718.80844178,47594318.80844178,47594568.80844178,1463
2024-01-01 13:13:00,47654136.43979465,47654336.43979465,47653936.43979465,47654186.43979465,643
2024-01-01 13:14:00,47714810.82541308,47715010.82541308,47714610.82541308,47714860.82541308,984
2024-01-01 13:15:00,47774553.503423184,47774753.503423184,47774353.503423184,47774603.503423184,909
2024-01-01 13:16:00,47833779.88322766,47833979.88322766,47833579.88322766,47833829.88322766,1315
2024-01-01 13:17:00,47893334.81420043,47893534.81420043,47893134.81420043,47893384.81420043,1433
2024-01-01 13:18:00,47952848.86922704,47953048.86922704,47952648.86922704,47952898.86922704,736
2024-01-01 13:19:00,48013090.18004856,48013290.18004856,48012890.18004856,48013140.18004856,1299
2024-01-01 13:20:00,48073312.00495628,48073512.00495628,48073112.00495628,48073362.00495628,1087
2024-01-01 13:21:00,48134021.82605445,48134221.82605445,48133821.82605445,48134071.82605445,513
2024-01-01 13:22:00,48194275.29153281,48194475.29153281,48194075.29153281,48194325.29153281,1390
2024-01-01 13:23:00,48254413.25774172,48254613.25774172,48254213.25774172,48254463.25774172,595
2024-01-01 13:24:00,48314445.87474664,48314645.87474664,48314245.87474664,48314495.87474664,1404
2024-01-01 13:25:00,48374960.10845481,48375160.10845481,48374760.10845481,48375010.10845481,532
2024-01-01 13:26:00,48435900.278569706,48436100.278569706,48435700.278569706,48435950.278569706,1223
2024-01-01 13:27:00,48495711.13243986,48495911.13243986,48495511.13243986,48495761.13243986,1197
2024-01-01 13:28:00,48555064.8096292,48555264.8096292,48554864.8096292,48555114.8096292,547
2024-01-01 13:29:00,48615920.922992826,48616120.922992826,48615720.922992826,48615970.922992826,1331
2024-01-01 13:30:00,48675193.201510035,48675393.201510035,48674993.201510035,48675243.201510035,1109
2024-01-01 13:31:00,48734103.30504317,48734303.30504317,48733903.30504317,48734153.30504317,967
2024-01-01 13:32:00,48794317.46856294,48794517.46856294,48794117.46856294,48794367.46856294,597
2024-01-01 13:33:00,48854189.87881759,48854389.87881759,48853989.87881759,48854239.87881759,506
2024-01-01 13:34:00,48914028.86088193,48914228.86088193,48913828.86088193,48914078.86088193,922
2024-01-01 13:35:00,48973775.678856224,48973975.678856224,48973575.678856224,48973825.678856224,934
2024-01-01 13:36:00,49033213.92882794,49033413.92882794,49033013.92882794,49033263.92882794,591
2024-01-01 13:37:00,49092577.599471055,49092777.599471055,49092377.599471055,49092627.599471055,611
2024-01-01 13:38:00,49153285.48140335,49153485.48140335,49153085.48140335,49153335.48140335,616
2024-01-01 13:39:00,49212743.350090645,49212943.350090645,49212543.350090645,49212793.350090645,747
2024-01-01 13:40:00,49272052.08480814,49272252.08480814,49271852.08480814,49272102.08480814,1187
2024-01-01 13:41:00,49331682.55992593,49331882.55992593,49331482.55992593,49331732.55992593,863
2024-01-01 13:42:00,49392331.67485936,49392531.67485936,49392131.67485936,49392381.67485936,1029
2024-01-01 13:43:00,49452609.59017523,49452809.59017523,49452409.59017523,49452659.59017523,1363
2024-01-01 13:44:00,49513144.199532695,49513344.199532695,49512944.199532695,49513194.199532695,1436
2024-01-01 13:45:00,49573710.95189213,49573910.95189213,49573510.95189213,49573760.95189213,990
2024-01-01 13:46:00,49633313.245827965,49633513.245827965,49633113.245827965,49633363.245827965,625
2024-01-01 13:47:00,49693895.71072848,49694095.71072848,49693695.71072848,49693945.71072848,815
2024-01-01 13:48:00,49754417.4186214,49754617.4186214,49754217.4186214,49754467.4186214,826
2024-01-01 13:49:00,49814514.18334689,49814714.18334689,49814314.18334689,49814564.18334689,823
2024-01-01 13:50:00,49874370.20999782,49874570.20999782,49874170.20999782,49874420.20999782,529
2024-01-01 13:51:00,49935399.70656202,49935599.70656202,49935199.70656202,49935449.70656202,956
2024-01-01 13:52:00,49995065.80829623,49995265.80829623,49994865.80829623,49995115.80829623,1319
2024-01-01 13:53:00,50056589.01934705,50056789.01934705,50056389.01934705,50056639.01934705,906
2024-01-01 13:54:00,50116228.659545414,50116428.659545414,50116028.659545414,50116278.659545414,1365
2024-01-01 13:55:00,50175648.823174775,50175848.823174775,50175448.823174775,50175698.823174775,1244
2024-01-01 13:56:00,50235862.9921189,50236062.9921189,50235662.9921189,50235912.9921189,1245
2024-01-01 13:57:00,50295522.52138375,50295722.52138375,50295322.52138375,50295572.52138375,686
2024-01-01 13:58:00,50355193.43231084,50355393.43231084,50354993.43231084,50355243.43231084,1055
2024-01-01 13:59:00,50415138.71545446,50415338.71545446,50414938.71545446,50415188.71545446,1407
2024-01-01 14:00:00,50474603.098665416,50474803.098665416,50474403.098665416,50474653.098665416,992
2024-01-01 14:01:00,50534718.8097232,50534918.8097232,50534518.8097232,50534768.8097232,629
2024-01-01 14:02:00,50594590.98258754,50594790.98258754,50594390.98258754,50594640.98258754,778
2024-01-01 14:03:00,50654949.607778914,50655149.607778914,50654749.607778914,50654999.607778914,615
2024-01-01 14:04:00,50715045.88256283,50715245.88256283,50714845.88256283,50715095.88256283,972
2024-01-01 14:05:00,50774208.87603494,50774408.87603494,50774008.87603494,50774258.87603494,910
2024-01-01 14:06:00,50834758.47173384,50834958.47173384,50834558.47173384,50834808.47173384,989
2024-01-01 14:07:00,50894841.55035221,50895041.55035221,50894641.55035221,50894891.55035221,1367
2024-01-01 14:08:00,50954623.2754377,50954823.2754377,50954423.2754377,50954673.2754377,828
2024-01-01 14:09:00,51014563.145471975,51014763.145471975,51014363.145471975,51014613.145471975,1036
2024-01-01 14:10:00,51073949.210853316,51074149.210853316,51073749.210853316,51073999.210853316,1466
2024-01-01 14:11:00,51134063.6681951,51134263.6681951,51133863.6681951,51134113.6681951,1071
2024-01-01 14:12:00,51193561.08827986,51193761.08827986,51193361.08827986,51193611.08827986,979
2024-01-01 14:13:00,51253232.3873039,51253432.3873039,51253032.3873039,51253282.3873039,1383
2024-01-01 14:14:00,51313942.3829595,51314142.3829595,51313742.3829595,51313992.3829595,1375
2024-01-01 14:15:00,51374562.59192398,51374762.59192398,51374362.59192398,51374612.59192398,1490
2024-01-01 14:16:00,51434361.309280746,51434561.309280746,51434161.309280746,51434411.309280746,1495
2024-01-01 14:17:00,51494020.44475079,51494220.44475079,51493820.44475079,51494070.44475079,1146
2024-01-01 14:18:00,51553426.53931834,51553626.53931834,51553226.53931834,51553476.53931834,931
2024-01-01 14:19:00,51614180.887604356,51614380.887604356,51613980.887604356,51614230.887604356,1497
2024-01-01 14:20:00,51674573.98926481,51674773.98926481,51674373.98926481,51674623.98926481,1110
2024-01-01 14:21:00,51735224.05011903,51735424.05011903,51735024.05011903,51735274.05011903,623
2024-01-01 14:22:00,51795927.89322898,51796127.89322898,51795727.89322898,51795977.89322898,1185
2024-01-01 14:23:00,51855704.01287748,51855904.01287748,51855504.01287748,51855754.01287748,756
2024-01-01 14:24:00,51915859.64050075,51916059.64050075,51915659.64050075,51915909.64050075,1474
2024-01-01 14:25:00,51975755.41386771,51975955.41386771,51975555.41386771,51975805.41386771,662
2024-01-01 14:26:00,52036102.14056544,52036302.14056544,52035902.14056544,52036152.14056544,1144
2024-01-01 14:27:00,52095791.93651434,52095991.93651434,52095591.93651434,52095841.93651434,1364
2024-01-01 14:28:00,52155850.85809639,52156050.85809639,52155650.85809639,52155900.85809639,989
2024-01-01 14:29:00,52215598.4553544,52215798.4553544,52215398.4553544,52215648.4553544,1286
2024-01-01 14:30:00,52274935.729752615,52275135.729752615,52274735.729752615,52274985.729752615,700
2024-01-01 14:31:00,52334349.86946393,52334549.86946393,52334149.86946393,52334399.86946393,981
2024-01-01 14:32:00,52394138.54692746,52394338.54692746,52393938.54692746,52394188.54692746,953
2024-01-01 14:33:00,52454148.40066064,52454348.40066064,52453948.40066064,52454198.40066064,505
2024-01-01 14:34:00,52514588.40194774,52514788.40194774,52514388.40194774,52514638.40194774,1254
2024-01-01 14:35:00,52575082.98212916,52575282.98212916,52574882.98212916,52575132.98212916,1060
2024-01-01 14:36:00,52635806.93184193,52636006.93184193,52635606.93184193,52635856.93184193,870
2024-01-01 14:37:00,52694954.53467237,52695154.53467237,52694754.53467237,52695004.53467237,598
2024-01-01 14:38:00,52754608.13081635,52754808.13081635,52754408.13081635,52754658.13081635,1261
2024-01-01 14:39:00,52814319.776557945,52814519.776557945,52814119.776557945,52814369.776557945,1490
2024-01-01 14:40:00,52874778.79488681,52874978.79488681,52874578.79488681,52874828.79488681,1323
2024-01-01 14:41:00,52935621.45130146,52935821.45130146,52935421.45130146,52935671.45130146,1320
2024-01-01 14:42:00,52995749.63648746,52995949.63648746,52995549.63648746,52995799.63648746,1169
2024-01-01 14:43:00,53056207.21466718,53056407.21466718,53056007.21466718,53056257.21466718,1199
2024-01-01 14:44:00,53116149.50778261,53116349.50778261,53115949.50778261,53116199.50778261,1149
2024-01-01 14:45:00,53176328.44726651,53176528.44726651,53176128.44726651,53176378.44726651,637
2024-01-01 14:46:00,53236624.98614841,53236824.98614841,53236424.98614841,53236674.98614841,779
2024-01-01 14:47:00,53297191.85059635,53297391.85059635,53296991.85059635,53297241.85059635,1106
2024-01-01 14:48:00,53357588.81127686,53357788.81127686,53357388.81127686,53357638.81127686,1448
2024-01-01 14:49:00,53417310.46984724,53417510.46984724,53417110.46984724,53417360.46984724,623
2024-01-01 14:50:00,53477476.32082024,53477676.32082024,53477276.32082024,53477526.32082024,1328
2024-01-01 14:51:00,53536621.46865913,53536821.46865913,53536421.46865913,53536671.46865913,767
2024-01-01 14:52:00,53596821.37904635,53597021.37904635,53596621.37904635,53596871.37904635,615
2024-01-01 14:53:00,53656806.720081605,53657006.720081605,53656606.720081605,53656856.720081605,1461
2024-01-01 14:54:00,53716819.69663491,53717019.69663491,53716619.69663491,53716869.69663491,942
2024-01-01 14:55:00,53776181.60316823,53776381.60316823,53775981.60316823,53776231.60316823,878
2024-01-01 14:56:00,53835614.24222727,53835814.24222727,53835414.24222727,53835664.24222727,873
2024-01-01 14:57:00,53896734.36645681,53896934.36645681,53896534.36645681,53896784.36645681,1269
2024-01-01 14:58:00,53957576.70674273,53957776.70674273,53957376.70674273,53957626.70674273,610
2024-01-01 14:59:00,54017616.63370616,54017816.63370616,54017416.63370616,54017666.63370616,995
2024-01-01 15:00:00,54077604.51622239,54077804.51622239,54077404.51622239,54077654.51622239,1278
2024-01-01 15:01:00,54137584.07622774,54137784.07622774,54137384.07622774,54137634.07622774,1371
2024-01-01 15:02:00,54197607.13771899,54197807.13771899,54197407.13771899,54197657.13771899,1438
2024-01-01 15:03:00,54257546.1258726,54257746.1258726,54257346.1258726,54257596.1258726,1229
2024-01-01 15:04:00,54317592.39158428,54317792.39158428,54317392.39158428,54317642.39158428,635
2024-01-01 15:05:00,54377643.5888151,54377843.5888151,54377443.5888151,54377693.5888151,963
2024-01-01 15:06:00,54437390.771190606,54437590.771190606,54437190.771190606,54437440.771190606,968
2024-01-01 15:07:00,54497294.05946523,54497494.05946523,54497094.05946523,54497344.05946523,1346
2024-01-01 15:08:00,54557175.476535074,54557375.476535074,54556975.476535074,54557225.476535074,873
2024-01-01 15:09:00,54617039.059076265,54617239.059076265,54616839.059076265,54617089.059076265,719
2024-01-01 15:10:00,54677307.160691865,54677507.160691865,54677107.160691865,54677357.160691865,1493
2024-01-01 15:11:00,54737514.565991424,54737714.565991424,54737314.565991424,54737564.565991424,1484
2024-01-01 15:12:00,54797310.096942745,54797510.096942745,54797110.096942745,54797360.096942745,1264
2024-01-01 15:13:00,54857572.5088402,54857772.5088402,54857372.5088402,54857622.5088402,1223
2024-01-01 15:14:00,54917186.56687372,54917386.56687372,54916986.56687372,54917236.56687372,1415
2024-01-01 15:15:00,54976841.316904634,54977041.316904634,54976641.316904634,54976891.316904634,658
2024-01-01 15:16:00,55036291.442563266,55036491.442563266,55036091.442563266,55036341.442563266,698
2024-01-01 15:17:00,55096767.82997673,55096967.82997673,55096567.82997673,55096817.82997673,1395
2024-01-01 15:18:00,55156665.93797222,55156865.93797222,55156465.93797222,55156715.93797222,711
2024-01-01 15:19:00,55217086.25187338,55217286.25187338,55216886.25187338,55217136.25187338,755
2024-01-01 15:20:00,55276878.148135364,55277078.148135364,55276678.148135364,55276928.148135364,1059
2024-01-01 15:21:00,55336222.37259744,55336422.37259744,55336022.37259744,55336272.37259744,742
2024-01-01 15:22:00,55396489.76508251,55396689.76508251,55396289.76508251,55396539.76508251,556
2024-01-01 15:23:00,55455448.73037651,55455648.73037651,55455248.73037651,55455498.73037651,1066
2024-01-01 15:24:00,55515174.80983333,55515374.80983333,55514974.80983333,55515224.80983333,1038
2024-01-01 15:25:00,55574428.74756388,55574628.74756388,55574228.74756388,55574478.74756388,1022
2024-01-01 15:26:00,55634263.38681643,55634463.38681643,55634063.38681643,55634313.38681643,1204
2024-01-01 15:27:00,55694216.924819596,55694416.924819596,55694016.924819596,55694266.924819596,1214
2024-01-01 15:28:00,55754115.633118376,55754315.633118376,55753915.633118376,55754165.633118376,1440
2024-01-01 15:29:00,55813619.64055231,55813819.64055231,55813419.64055231,55813669.64055231,1481
2024-01-01 15:30:00,55873830.59124793,55874030.59124793,55873630.59124793,55873880.59124793,1458
2024-01-01 15:31:00,55934641.61772602,55934841.61772602,55934441.61772602,55934691.61772602,826
2024-01-01 15:32:00,55994651.83966439,55994851.83966439,55994451.83966439,55994701.83966439,1359
2024-01-01 15:33:00,56054454.54108764,56054654.54108764,56054254.54108764,56054504.54108764,765
2024-01-01 15:34:00,56114189.707127705,56114389.707127705,56113989.707127705,56114239.707127705,1248
2024-01-01 15:35:00,56174513.179187715,56174713.179187715,56174313.179187715,56174563.179187715,893
2024-01-01 15:36:00,56234377.29571876,56234577.29571876,56234177.29571876,56234427.29571876,906
2024-01-01 15:37:00,56293909.969169155,56294109.969169155,56293709.969169155,56293959.969169155,942
2024-01-01 15:38:00,56354089.6945317,56354289.6945317,56353889.6945317,56354139.6945317,1091
2024-01-01 15:39:00,56414028.27245984,56414228.27245984,56413828.27245984,56414078.27245984,1011
2024-01-01 15:40:00,56474010.53291758,56474210.53291758,56473810.53291758,56474060.53291758,1436
2024-01-01 15:41:00,56533845.80654791,56534045.80654791,56533645.80654791,56533895.80654791,746
2024-01-01 15:42:00,56594501.17560364,56594701.17560364,56594301.17560364,56594551.17560364,915
2024-01-01 15:43:00,56653956.2458202,56654156.2458202,56653756.2458202,56654006.2458202,1080
2024-01-01 15:44:00,56714579.05883165,56714779.05883165,56714379.05883165,56714629.05883165,1014
2024-01-01 15:45:00,56774786.4699359,56774986.4699359,56774586.4699359,56774836.4699359,798
2024-01-01 15:46:00,56834168.902348176,56834368.902348176,56833968.902348176,56834218.902348176,865
2024-01-01 15:47:00,56894184.92754284,56894384.92754284,56893984.92754284,56894234.92754284,638
2024-01-01 15:48:00,56954310.058632866,56954510.058632866,56954110.058632866,56954360.058632866,1441
2024-01-01 15:49:00,57014058.132786505,57014258.132786505,57013858.132786505,57014108.132786505,537
2024-01-01 15:50:00,57074175.28185201,57074375.28185201,57073975.28185201,57074225.28185201,1399
2024-01-01 15:51:00,57134369.28491054,57134569.28491054,57134169.28491054,57134419.28491054,1144
2024-01-01 15:52:00,57195133.559481636,57195333.559481636,57194933.559481636,57195183.559481636,951
2024-01-01 15:53:00,57255086.26845623,57255286.26845623,57254886.26845623,57255136.26845623,858
2024-01-01 15:54:00,57314390.30967272,57314590.30967272,57314190.30967272,57314440.30967272,765
2024-01-01 15:55:00,57374982.64732892,57375182.64732892,57374782.64732892,57375032.64732892,939
2024-01-01 15:56:00,57435846.0666516,57436046.0666516,57435646.0666516,57435896.0666516,623
2024-01-01 15:57:00,57496168.60504627,57496368.60504627,57495968.60504627,57496218.60504627,764
2024-01-01 15:58:00,57556765.116278574,57556965.116278574,57556565.116278574,57556815.116278574,1461
2024-01-01 15:59:00,57616866.71863851,57617066.71863851,57616666.71863851,57616916.71863851,1391
2024-01-01 16:00:00,57676189.63437651,57676389.63437651,57675989.63437651,57676239.63437651,967
2024-01-01 16:01:00,57736048.50409959,57736248.50409959,57735848.50409959,57736098.50409959,835
2024-01-01 16:02:00,57796064.498197466,57796264.498197466,57795864.498197466,57796114.498197466,1482
2024-01-01 16:03:00,57855945.31835436,57856145.31835436,57855745.31835436,57855995.31835436,699
2024-01-01 16:04:00,57915824.72254964,57916024.72254964,57915624.72254964,57915874.72254964,1175
2024-01-01 16:05:00,57975563.81394466,57975763.81394466,57975363.81394466,57975613.81394466,737
2024-01-01 16:06:00,58035977.05758056,58036177.05758056,58035777.05758056,58036027.05758056,1138
2024-01-01 16:07:00,58095802.490443364,58096002.490443364,58095602.490443364,58095852.490443364,1132
2024-01-01 16:08:00,58156190.504067436,58156390.504067436,58155990.504067436,58156240.504067436,730
2024-01-01 16:09:00,58216586.764271066,58216786.764271066,58216386.764271066,58216636.764271066,794
2024-01-01 16:10:00,58276708.61657404,58276908.61657404,58276508.61657404,58276758.61657404,725
2024-01-01 16:11:00,58337315.43926593,58337515.43926593,58337115.43926593,58337365.43926593,789
2024-01-01 16:12:00,58397793.44809076,58397993.44809076,58397593.44809076,58397843.44809076,1236
2024-01-01 16:13:00,58457751.44817087,58457951.44817087,58457551.44817087,58457801.44817087,635
2024-01-01 16:14:00,58517114.42007505,58517314.42007505,58516914.42007505,58517164.42007505,1341
2024-01-01 16:15:00,58577078.81852976,58577278.81852976,58576878.81852976,58577128.81852976,1249
2024-01-01 16:16:00,58636934.95746236,58637134.95746236,58636734.95746236,58636984.95746236,1002
2024-01-01 16:17:00,58697325.164368875,58697525.164368875,58697125.164368875,58697375.164368875,1176
2024-01-01 16:18:00,58757539.01355608,58757739.01355608,58757339.01355608,58757589.01355608,1294
2024-01-01 16:19:00,58817422.353442274,58817622.353442274,58817222.353442274,58817472.353442274,766
2024-01-01 16:20:00,58877393.85877926,58877593.85877926,58877193.85877926,58877443.85877926,1266
2024-01-01 16:21:00,58936924.87598045,58937124.87598045,58936724.87598045,58936974.87598045,921
2024-01-01 16:22:00,58997258.222636685,58997458.222636685,58997058.222636685,58997308.222636685,828
2024-01-01 16:23:00,59057206.89256706,59057406.89256706,59057006.89256706,59057256.89256706,852
2024-01-01 16:24:00,59117438.961472824,59117638.961472824,59117238.961472824,59117488.961472824,889
2024-01-01 16:25:00,59177666.95343314,59177866.95343314,59177466.95343314,59177716.95343314,1287
2024-01-01 16:26:00,59238215.058582686,59238415.058582686,59238015.058582686,59238265.058582686,1112
2024-01-01 16:27:00,59297423.005003996,59297623.005003996,59297223.005003996,59297473.005003996,1008
2024-01-01 16:28:00,59357442.521750905,59357642.521750905,59357242.521750905,59357492.521750905,596
2024-01-01 16:29:00,59416471.4061911,59416671.4061911,59416271.4061911,59416521.4061911,631
2024-01-01 16:30:00,59475800.13043968,59476000.13043968,59475600.13043968,59475850.13043968,647
2024-01-01 16:31:00,59536439.291521624,59536639.291521624,59536239.291521624,59536489.291521624,841
2024-01-01 16:32:00,59597465.69835966,59597665.69835966,59597265.69835966,59597515.69835966,975
2024-01-01 16:33:00,59657776.661439754,59657976.661439754,59657576.661439754,59657826.661439754,1109
2024-01-01 16:34:00,59717270.02345062,59717470.02345062,59717070.02345062,59717320.02345062,1063
2024-01-01 16:35:00,59777255.84454646,59777455.84454646,59777055.84454646,59777305.84454646,1045
2024-01-01 16:36:00,59837880.60840884,59838080.60840884,59837680.60840884,59837930.60840884,1388
2024-01-01 16:37:00,59897188.876283675,59897388.876283675,59896988.876283675,59897238.876283675,1348
2024-01-01 16:38:00,59956876.919199415,59957076.919199415,59956676.919199415,59956926.919199415,1253
2024-01-01 16:39:00,60017025.229496345,60017225.229496345,60016825.229496345,60017075.229496345,649
